-- phpMyAdmin SQL Dump
-- version 5.2.1
-- https://www.phpmyadmin.net/
--
-- Host: 127.0.0.1
-- Waktu pembuatan: 30 Bulan Mei 2025 pada 13.04
-- Versi server: 10.4.32-MariaDB
-- Versi PHP: 8.2.12

SET SQL_MODE = "NO_AUTO_VALUE_ON_ZERO";
START TRANSACTION;
SET time_zone = "+00:00";


/*!40101 SET @OLD_CHARACTER_SET_CLIENT=@@CHARACTER_SET_CLIENT */;
/*!40101 SET @OLD_CHARACTER_SET_RESULTS=@@CHARACTER_SET_RESULTS */;
/*!40101 SET @OLD_COLLATION_CONNECTION=@@COLLATION_CONNECTION */;
/*!40101 SET NAMES utf8mb4 */;

--
-- Database: `db_darsal`
--

-- --------------------------------------------------------

--
-- Struktur dari tabel `guru`
--

CREATE TABLE `guru` (
  `id` int(11) NOT NULL,
  `user_id` int(11) NOT NULL,
  `nama_guru` varchar(100) NOT NULL,
  `id_kelas` int(11) NOT NULL,
  `id_pelajaran` int(11) NOT NULL
) ENGINE=InnoDB DEFAULT CHARSET=utf8mb4 COLLATE=utf8mb4_general_ci;

--
-- Dumping data untuk tabel `guru`
--

INSERT INTO `guru` (`id`, `user_id`, `nama_guru`, `id_kelas`, `id_pelajaran`) VALUES
(10005, 900937, 'xio', 1, 8990);

-- --------------------------------------------------------

--
-- Struktur dari tabel `hasil_ujian`
--

CREATE TABLE `hasil_ujian` (
  `id_hasil` int(11) NOT NULL,
  `id_siswa` int(11) NOT NULL,
  `id_ujian` int(11) NOT NULL,
  `benar_pg` int(11) DEFAULT 0,
  `total_pg` int(11) DEFAULT 0,
  `benar_essay` int(11) DEFAULT 0,
  `total_essay` int(11) DEFAULT 0,
  `nilai_pg` float DEFAULT 0,
  `nilai_essay` float DEFAULT 0,
  `nilai_akhir` float DEFAULT 0,
  `waktu_nilai` timestamp NOT NULL DEFAULT current_timestamp()
) ENGINE=InnoDB DEFAULT CHARSET=utf8mb4 COLLATE=utf8mb4_general_ci;

--
-- Dumping data untuk tabel `hasil_ujian`
--

INSERT INTO `hasil_ujian` (`id_hasil`, `id_siswa`, `id_ujian`, `benar_pg`, `total_pg`, `benar_essay`, `total_essay`, `nilai_pg`, `nilai_essay`, `nilai_akhir`, `waktu_nilai`) VALUES
(77, 588, 1, 0, 0, 0, 0, 12.5, 0, 0, '2025-05-30 00:55:52');

-- --------------------------------------------------------

--
-- Struktur dari tabel `jawaban`
--

CREATE TABLE `jawaban` (
  `id_jawaban` int(11) NOT NULL,
  `id_siswa` int(11) NOT NULL,
  `id_ujian` int(11) NOT NULL,
  `id_soal` int(11) NOT NULL,
  `jawaban` text NOT NULL,
  `skor` int(11) DEFAULT NULL,
  `waktu_submit` timestamp NOT NULL DEFAULT current_timestamp()
) ENGINE=InnoDB DEFAULT CHARSET=utf8mb4 COLLATE=utf8mb4_general_ci;

-- --------------------------------------------------------

--
-- Struktur dari tabel `jawaban_siswa`
--

CREATE TABLE `jawaban_siswa` (
  `id` int(11) NOT NULL,
  `id_siswa` int(11) DEFAULT NULL,
  `id_ujian` int(11) DEFAULT NULL,
  `id_soal` int(11) DEFAULT NULL,
  `jawaban` text DEFAULT NULL,
  `nilai` float DEFAULT 0,
  `waktu_submit` timestamp NOT NULL DEFAULT current_timestamp()
) ENGINE=InnoDB DEFAULT CHARSET=utf8mb4 COLLATE=utf8mb4_general_ci;

-- --------------------------------------------------------

--
-- Struktur dari tabel `jurusan`
--

CREATE TABLE `jurusan` (
  `id_jurusan` int(11) NOT NULL,
  `nama_jurusan` varchar(255) NOT NULL
) ENGINE=InnoDB DEFAULT CHARSET=utf8mb4 COLLATE=utf8mb4_general_ci;

--
-- Dumping data untuk tabel `jurusan`
--

INSERT INTO `jurusan` (`id_jurusan`, `nama_jurusan`) VALUES
(1, 'TKJ'),
(2, 'TKR'),
(3, 'MM');

-- --------------------------------------------------------

--
-- Struktur dari tabel `kelas`
--

CREATE TABLE `kelas` (
  `id` int(11) NOT NULL,
  `nama_kelas` varchar(50) NOT NULL
) ENGINE=InnoDB DEFAULT CHARSET=utf8mb4 COLLATE=utf8mb4_general_ci;

--
-- Dumping data untuk tabel `kelas`
--

INSERT INTO `kelas` (`id`, `nama_kelas`) VALUES
(1, 'Kelas 2'),
(985, 'Kelas TKR 11'),
(11, 'TKJ 1');

-- --------------------------------------------------------

--
-- Struktur dari tabel `kepala_sekolah`
--

CREATE TABLE `kepala_sekolah` (
  `id` int(11) NOT NULL,
  `user_id` int(11) DEFAULT NULL,
  `nama_kepala_sekolah` varchar(100) DEFAULT NULL,
  `jabatan` varchar(100) DEFAULT NULL
) ENGINE=InnoDB DEFAULT CHARSET=utf8mb4 COLLATE=utf8mb4_general_ci;

--
-- Dumping data untuk tabel `kepala_sekolah`
--

INSERT INTO `kepala_sekolah` (`id`, `user_id`, `nama_kepala_sekolah`, `jabatan`) VALUES
(17, 901042930, 'patrick', 'wakil');

-- --------------------------------------------------------

--
-- Struktur dari tabel `mata_pelajaran`
--

CREATE TABLE `mata_pelajaran` (
  `id` int(11) NOT NULL,
  `nama_pelajaran` varchar(50) NOT NULL
) ENGINE=InnoDB DEFAULT CHARSET=utf8mb4 COLLATE=utf8mb4_general_ci;

--
-- Dumping data untuk tabel `mata_pelajaran`
--

INSERT INTO `mata_pelajaran` (`id`, `nama_pelajaran`) VALUES
(8990, 'jaringan5'),
(8989, 'Jaringan6'),
(8995, 'Perancangan'),
(8991, 'rr'),
(11, 'Simulasi Digital '),
(8992, 'uiux');

-- --------------------------------------------------------

--
-- Struktur dari tabel `pelajaran`
--

CREATE TABLE `pelajaran` (
  `id` int(11) NOT NULL,
  `nama_pelajaran` varchar(50) NOT NULL
) ENGINE=InnoDB DEFAULT CHARSET=utf8mb4 COLLATE=utf8mb4_general_ci;

--
-- Dumping data untuk tabel `pelajaran`
--

INSERT INTO `pelajaran` (`id`, `nama_pelajaran`) VALUES
(1, 'jaringan'),
(2, 'rpl');

-- --------------------------------------------------------

--
-- Struktur dari tabel `siswa`
--

CREATE TABLE `siswa` (
  `id` int(11) NOT NULL,
  `user_id` int(11) NOT NULL,
  `id_jurusan` int(11) NOT NULL,
  `nama_siswa` varchar(100) NOT NULL,
  `id_kelas` int(11) NOT NULL
) ENGINE=InnoDB DEFAULT CHARSET=utf8mb4 COLLATE=utf8mb4_general_ci;

-- --------------------------------------------------------

--
-- Struktur dari tabel `soal`
--

CREATE TABLE `soal` (
  `id_soal` int(11) NOT NULL,
  `id_ujian` int(11) DEFAULT NULL,
  `id_guru` int(11) NOT NULL,
  `id_kelas` int(11) NOT NULL,
  `id_pelajaran` int(11) NOT NULL,
  `pertanyaan` text NOT NULL,
  `opsi_a` varchar(255) NOT NULL,
  `opsi_b` varchar(255) NOT NULL,
  `opsi_c` varchar(255) NOT NULL,
  `opsi_d` varchar(255) NOT NULL,
  `jawaban` char(1) NOT NULL,
  `tipe` enum('pg','essay') NOT NULL DEFAULT 'pg',
  `skor` int(11) DEFAULT 1
) ENGINE=InnoDB DEFAULT CHARSET=utf8mb4 COLLATE=utf8mb4_general_ci;

--
-- Dumping data untuk tabel `soal`
--

INSERT INTO `soal` (`id_soal`, `id_ujian`, `id_guru`, `id_kelas`, `id_pelajaran`, `pertanyaan`, `opsi_a`, `opsi_b`, `opsi_c`, `opsi_d`, `jawaban`, `tipe`, `skor`) VALUES
(385, 1, 10005, 1, 8990, 'gambar apa ini', 'Jakarta', 'Bandung', 'Surabaya', 'Medan', 'A', 'pg', 1),
(386, 1, 10005, 1, 8990, 'Warna primer yang bukan RGB?', 'Merah', 'Biru', 'Kuning', 'Hijau', 'C', 'pg', 1),
(387, 1, 10005, 1, 8990, 'Ibu kota Indonesia adalah?', 'Jakarta', 'Bali', 'Surabaya', 'Bandung', 'A', 'pg', 1),
(388, 1, 10005, 1, 8990, 'Planet terbesar di tata surya?', 'Bumi', 'Venus', 'Jupiter', 'Mars', 'C', 'pg', 1),
(389, 1, 10005, 1, 8990, 'Lambang kimia dari air adalah?', 'CO2', 'H2O', 'O2', 'NaCl', 'B', 'pg', 1),
(390, 1, 10005, 1, 8990, 'Warna campuran merah dan biru?', 'Hijau', 'Ungu', 'Oranye', 'Pink', 'B', 'pg', 1),
(391, 1, 10005, 1, 8990, 'Hewan yang bisa terbang?', 'Gajah', 'Burung', 'Ikan', 'Kucing', 'B', 'pg', 1),
(392, 1, 10005, 1, 8990, 'Ibukota Provinsi Jawa Tengah?', 'Yogyakarta', 'Semarang', 'Solo', 'Surabaya', 'B', 'pg', 1),
(393, 1, 10005, 1, 8990, 'Mata uang resmi Jepang?', 'Yen', 'Dolar', 'Won', 'Rupiah', 'A', 'pg', 1),
(394, 1, 10005, 1, 8990, 'Bahasa resmi di Brasil?', 'Spanyol', 'Portugis', 'Inggris', 'Prancis', 'B', 'pg', 1),
(395, 1, 10005, 1, 8990, 'Benua terbesar di dunia?', 'Afrika', 'Amerika', 'Asia', 'Eropa', 'C', 'pg', 1),
(396, 1, 10005, 1, 8990, 'Penemu lampu pijar adalah?', 'Newton', 'Einstein', 'Tesla', 'Edison', 'D', 'pg', 1),
(397, 1, 10005, 1, 8990, 'Organ utama pernapasan manusia?', 'Hati', 'Paru-paru', 'Ginjal', 'Lambung', 'B', 'pg', 1),
(398, 1, 10005, 1, 8990, 'Hari Kemerdekaan Indonesia?', '1 Juni', '17 Agustus', '20 Mei', '10 November', 'B', 'pg', 1),
(401, 1, 10005, 1, 8990, 'wkwkwkwkkwkwkw', '', '', '', '', 'H', 'essay', 1),
(402, 1, 10005, 1, 8990, 'Apa itu fotosintesis?adasd', '', '', '', '', 'P', 'essay', 1);
INSERT INTO `soal` (`id_soal`, `id_ujian`, `id_guru`, `id_kelas`, `id_pelajaran`, `pertanyaan`, `opsi_a`, `opsi_b`, `opsi_c`, `opsi_d`, `jawaban`, `tipe`, `skor`) VALUES
(407, 1, 10005, 1, 8990, '<p><img src=\"data:image/jpeg;base64,/9j/4AAQSkZJRgABAQEASABIAAD//gATQ3JlYXRlZCB3aXRoIEdJTVD/2wBDAAEBAQEBAQEBAQEBAQEBAQEBAQEBAQEBAQEBAQEBAQEBAQEBAQEBAQEBAQEBAQEBAQEBAQEBAQEBAQEBAQEBAQH/2wBDAQEBAQEBAQEBAQEBAQEBAQEBAQEBAQEBAQEBAQEBAQEBAQEBAQEBAQEBAQEBAQEBAQEBAQEBAQEBAQEBAQEBAQH/wgARCAJ8AlADAREAAhEBAxEB/8QAHgABAAICAwEBAQAAAAAAAAAAAAUHBggDBAkCAQr/xAAcAQEAAgMBAQEAAAAAAAAAAAAAAwUCBAYBBwj/2gAMAwEAAhADEAAAAfdUkwAAAAAAAAAAAAAAAAAAAAAAAAAAAAAAAAAAARhJkoAAAfgAAAAAAAAAAAAAAAAAAAAAAAAAAAAAB+gH4RZ+koAARZAAAAAAAAAAAAAH4AAAAAAAD9AAAAAAAAAB3DJwARYJQAEbBJXtZZ4/4/AAAAfoAAAAAAAAAAAAAAAAAAAAAAAPwAHcs666diEARYJQAEVry1xT24AAAAAAAAAAAAAAAAAAAAAAAAAAAAAA4LequPZgAEWCUABFa8tcU9uAAAAAAAAAAAAAAAAAAAAAAAAAAAAAAOC3qrj2YABFglAARWvLXFPbgAAAAAAAACkcc6G2tXLs452GfZyKQAAACiMl5ex8uEgAA6p2gAAAAAAAAAcFvVXHswACLBKAAiteWuKe3AAAAAAAAAHh9BYfnS8ptXpbPk1Ll/SxR2vnRZaG80Emvu3FyaO3euWFW7erXenu5ht6PnDhv7s+6G0XklY6e5T9jX7b1dlpvua2pnmNy9Bz/rpzHTgAAAAAAAADgt6q49mAARYJQAEVry1xT24AAAAAAAAA8PoLDULp+U9Mo8fM+HdvjRsPSLbqfHzc8n9fYiq/ayy4qtzNLZoW00tzaew0r0t/0MsKrzg2Y9gKq0899p6sa8Op13V5fR3G0d7Reg3OdGAAAAAAAAAOC3qrj2YABFglAARWvLXFPbgAAAAAAAADw+gsPRnouT2opLz+YO2r946a6xO752rNuPYPk+mjOk5nyjkk/q/5m7/n86Ojtzzzm0Lj3RaHhF7hQ3u1FRTenWenZO9q01Q3mMdZzHsTy/SgAAAAAAAADgt6q49mAARYJQAEVry1xT24AAAAAAAAAwfzLI5IJXCWsssbNxyqqTC1o8sf896+eEOZ/jnhHmXazi6LPOfMMD9fnmfZ98MJf1JxT1/Nr2ZHKAAAAAAAAAOC3qrj2YABFglAARWvLXFPbgAAAAAAAAAAAAAAAAAAAAAAAAAAAAADgt6q49mAARYJQAEVry1xT24AAAAAAAAAAAAAAAAAAAAAAAAAAAAAA4LequPZgAEWCUABFa8tcU9uAAAAAAAAAAAB1ChFxUee90svAAB9+eZXPWXdnRWZo7XOyAAAAAAAAAAAHBb1Vx7MAAiwSgAIrXlrintwAAAAAAAAAABHGpNb9jldbre37iAAAOt5lXtjx+yFz8TuLQ3AAAAAAAAAAABwW9VcezAAIsEoACK15a4p7cAAAAAAAAAAAaw6vbVLTfc/wGU7lPkOFZ8y+xMO9yzRcOrNh0d2BM9L8G3dx4/7AAAAAAAAAAAOC3qrj2YABFglAARWvLXFPbgAAAAAAAAAADSKs+tUvTfbgM83ubuSfio3emsXDmqhz7GD5+4qbDrwLNvPie/Fh8jAAAAAAAAAAAHBb1Vx7MAAiwSgAIrXlrintwAAAAAAAAAABVkdt5l8Z+zeKGzD1kk1X0MNiTz04KOx7fsUTHuDkmrfS3sfxrbc1KAAAAAAAAAAAOC3qrj2YABFglAARWvLXFPbgAAAAAAAAAAAa+aHc6Ic7+iaehuABw5ObEBbU1Pvb0P572MsOBAAAAAAAAAAAA4LequPZgAEWCUABFa8tcU9uAAAAAAAAAAAAAABguWOdY5AAAAAAAAAAAAAADgt6q49mAARYJQAEVry1xT24AAAAAAAAAAAAAAGC5Y51jkAAAAAAAAAAAAAAOC3qrj2YABFglAARWvLXFPbgAAAAAAAAAAAAADzy2dap5PPWXS2gAAAAAAAAAAAAABwW9VcezAAIsEoACK15a4p7cAAAAAAAAAAAADBPNutZ/YvPylM8MYNksMwBIGfK6y9aYAAAAAAAAAAAcFvVXHswACLBKAAiteWuKe3AAAAAAAAAAAAGGptWq37dl8uqAAAIjDYmbP5LtNhTgAAAAAAAAAADgt6q49mAARYJQAEVry1xT24AAAAAAAAAAAA1b1uzqys+wWnu8r12eHa919ZY9bCXJJa3CoLwQUlbvBc/n3MsPQAAAAAAAAAABwW9VcezAAIsEoACK15a4p7cAAAAAAAAAAAD8PPOp+8cmn194WPA5Ra02aw0eKS23PW+YV7eUXV/QhkNr8v3o3flAAAAAAAAAAAAHBb1Vx7MAAiwSgAIrXlrintwAAAAAAAAAAAKhwtNP8AnP1B2GXa9g/HslnqvfP170o5+h5s/JfHQfnjaCbkAAAAAAAAAAAAOC3qrj2YABFglAARWvLXFPbgAAAAAAAAAAAak1/06k6L7uNjOg+U4NX9J8Z+z2dbHtnqwyVXX9tjOxVekHUfkzKMMwAAAAAAAAAAAOC3qrj2YABFglAARWvLXFPbgAAAAAAAAAAD8PMnm/0/39TrxYW9y/en07D2eXwWt6XIreniqzfpmv8AoE7dfHfQq1+J/oAAAAAAAAAAABwW9VcezAAIsEoACK15a4p7cAAAAAAAAAAAUDB0Gp/K/rST9iAAEnNpR0G5EY7W0/VflbYnZ5AAAAAAAAAAAAAcFvVXHswACLBKAAiteWuKe3AAAAAAAAAAAFQwX2lNN9p/MoAAInJLYhnWWhvhefDu2AAAAAAAAAAAADgt6q49mAARYJQAEVry1xT24AAAAAAAAAAAAAAGC5Y51jkAAAAAAAAAAAAAAOC3qrj2YABFglAAROvLXNPbgAAAAAAAAAAAAAAYLljnWOQAAAAAAAAAAAAAA4LequPZgAEWCUABE68tc09uAAAAAAAAAAAAAAPLPb1aozw9o9HdAAAAAAAAAAAAAAHBb1Vx7MAAiwSgAInXlrmntwAAAAAAAAAAAAABWuWdN7+lsXqS5HDKAAAAAAAAAAAAABwW9VcezAAIsEoACJ15a5p7cAAAAAAAAAAAAACpI72kKv7N08nf6X4VsNhS2Bp7n6AAAAAAAAAAAAAcFvVXHswACLBKAAideWuae3AAAAAAAAAAAAA4zWvW7itar7B3MdwdLLT63SfFNitzgrar9/sY+gAAAAAAAAAAADgt6q49mAARYJQAETry1zT24AAAAAAAAwj3GKxksWXX545gAIllptX/AF6ycrDFNK9xiK3A/HmN2/za/Og+K33W7ktFJ14Jq72tHkmmsjWyAAAAAAAAAA4LequPZgAEWCUABE68tc09uAAAAAAAAIuHPz2ta6msZMhki20YbW11kK1jtdO6f7rzwdFaW/yH7Jjne5zfX1JuTejxuuuKZru7hdvnLa6r897OaulKUVz5jdBzXR3tzYjRx3W1NoAAAAAAAAAcFvVXHswACLBKAAideWuae3AAAAAAAp+TCN88ArfLGlffe1NHarG09aePx3dUea/Tn5HaiWk0/v3Cbk0ImHeyLdqeHVnwWG/HTnqdnup/MGSaWNWTw1Dvado+ZXTp7IA5ffLtjlAAAAAAA4LequPZgAEWCUABE68tc09uAAAAAABRskd5RyAAADgNHan7RSdP9i+2WYbNLA69jsH0PzLCa3oss3KXigl15qvpPy8uO2+Qb03HxPsAAAAo3OO8sJAAAAAAAOC3qrj2YABFglAAROvLXNPbgAAAAAAUbJHeUcgAAAA1W0u/015n9M2Fs0uJ6lzc95wmZZ0lK03e/ssdc6vQbg9L+adst/52AAAAKNzjvLCQAAAAAADgt6q49mAARYJQAETry1zT24AAAAAAFGyR3lHIAAAABUEHQeenK/qjFtLsgBkO3yfoh1n5SuKfngAAAAKNzjvLCQAAAAAADgt6q49mAARYJQAETry1zT24AAAAAAFGyR3lHIAAAAAMOw3POXl/1FSFF9oF0Xfxz0e6v8s5plpAAAAACjc47ywkAAAAAAA4LequPZgAEWCUABE68tc09uAAAAAABRskd5RyAAAAAAdc87ud/Q3DjJ6K9J+de0AAAAAAUbnHeWEgAAAAAAHBb1Vx7MAAiwSgAInXlrmntwAAAAAAKNkjvKOQAAAAAAAAAAAAAAUbnHeWEgAAAAAAHBb1Vx7MAAiwSgAInXlrmntwAAAAB8nz7jjHvn831pX/ANLlTZ9z3EAD6ZfXgAAAAAAAAAD59x+T+dG0r/cKt3rsxyAA+j98y/QAADgt6q49mAARYJQAETry1zT24AAAAjmVFeXdR7GcVl4NbMo9k8ZAAO755k2ens/FT5LDMAAAAAAAB+lI429Oz7WLyYjWzKPZPGQADk88yX2O/suetDUnAAA4LequPZgAEWCUABFa8tcU9uAAAANfIeqwnV+jz2esAAAAKyw2NwLf4TlEEwAAAAAAAFa+bmv1d9rzCXQAAAAGN4bWZ23xjYyHUAAA4LequPZgAEWCUABFa8tcU9uAAAANFtH67wafYizbPlOzhhFQbnznjwpMG0+gAEZu8pv/ALvxvkegAAAAAAAapa/c15W/VRnNhz+UKyLx2I2Pc5/Y691OjAETJq7tXP56yzD0AADgt6q49mAARYJQAEVry1xT24AAAGDebGlFJ+i5PHYFtW/GNKXqZ555Y85WNf1uBaPQgfhm118a3Ik4kAAAAAAAD8PPeq+6dzW6cWPacvzR4ZnlSV/D01kTcprvW/SwBw2PA+gO78i+gAADgt6q49mAARYJQAEVry1xT24AAAGq2r3NPU/28dr2Hs5RxmG1zMOFmAB0fY9sek/MNz4QgAAAAAAAU/hY6oUH6W5Xva9h40jzzhZgAAWpf/A9ts+TAAAHBb1Vx7MAAiwSgAIrXlrintwAAANGab7vh+h3wtC44/Yne+ZUhV9/kktXi+VrHx7X5DlVWh2I4rHhfRS3+Bc7IAAAAAAADV/Q+lUTTfa/osGw5ey9zlYWLe62M/WyzxrQuLUtuN14o/p/XxliJdLfDqPytncXoAAA4LequPZgAEWCUABFa8tcU9uAAAMdZedfNfqyXish3NjWvHf+e9XCbpRbPxs+cWjN1ZZar0OyFmXfxPdPf+VgAAAAAAADzvpP0B0ND6AMj2qix9vl/qPHhylhYN7vbGrmE1Jr5SfT+D2Ts7/C+il3+ePp6AAAOC3qrj2YABFglAARWvLXFPbgAADV/T7XXfn/ANK5fPRZLNUYNrdFxYyfvrsyQ9/zW6GGz0vdnK9yixOuuNi+r/L+xeVKAAAAAAABgfmz598n+up7PO67D5/W+j1cXjt8bPsexT01ZDxb0dht5XsU0Y28mtvjW7m78yAAAA4LequPZgAEWCUABFa8tcU9uAAAPPKh/QcDW/TrX3uIj/Nqy7XkMxiouxZw15T9T049q1rfh6xh7LE6K9oSTZ9Qem/K/dxzAAAAAAAA07rfqFMUP6B7Wxr7FbXyzDY726uj+dxult4xFdfXuHSbeY4UFdQ9XrnUfR94ey/HNxY6wAAAHBb1Vx7MAAiwSgAIrXlrintwAAIll5jcf+zMrxl78mr0I9rvS62STVHx772EUdDt/GWdoXHFVbQ9vL3vx/eyz+QAAAAAAAADzj5v9N9fR7j6yx7jXZMh2KrpY7EjlqffmOOx29i2HIdDV3Kom0fSy/8AzRysgAAAOC3qrj2YABFglAARWvLXFPbgAAVzHZ+afE/tvM84AAB8PPt6Pgx6Sq9EOs/J1pz88AAAAAAAAPJjjv2RksHQ/fuIAHy8+noGPe6+3HR/m3aiz+ZAAAADgt6q49mAARYJQAEVry1xT24AAAwLLzCcsAABTkmFxx5jke2/HnIAAAAAAAAAEAVXJGAAKdkwuKPMCyo5MpAAAAAOC3qrj2YABFglAARWvLXFPbgAAAAAAUbJHeUcgAAAAAAAAAAAAAAo3OO8sJAAAAAAAOC3qrj2YABFglAARWvLXFPbgAAAAAAUbJHeUcgAAAAAAAAAAAAAAo3OO8sJAAAAAAAOC3qrj2YABFglAARWvLXFPbgAAAAACOeadbEO52vP2AAAAAAAAAAAAAADS+fX2wgnyB6AAAAAAOC3qrj2YABFglAARWvLXFPbgAAAAADH3n8tVvV/1X1FrzAAAAAAAAAAAAAAH8xdrWf0GVtjdGGQAAAAAA4LequPZgAEWCUABFa8tcU9uAAAAAABTsmEf54AAAAAABiWXmW4+gAAAAAD698vCOUAAAAAADgt6q49mAARYJQAEVry1xT24AAAAAAAAAAAAAAGC5Y51jkAAAAAAAAAAAAAAOC3qrj2YABFglAARWvLXFPbgAAAAAAAAAAAAADAssK8z82AikAAAAAAAAAAAAAAHBb1Vx7MAAiwSgAIrXlrintwAAAAAAAAAAAB8kRLHwe+DQTY1669x9QNbaA/fEvhn2McgAAAAAAAAAAAOC3qrj2YABFglAARWvLXFPbgAAAAAAAAAAAVPhcVLq/QKyy2ev6HycRzg5XmZZ6s7Z/N9k4avIIZgAAAAAAAAAABwW9VcezAAIsEoACK15a4p7cAAAAAAAAAAAVzhv6s0n6GyrL37YjINmrjodroYbXazg6uE4+PPcP9Wl1X5t2f0cP0AAAAAAAAAAA4LequPZgAEWCUABFa8tcU9uAAAAAAAAAAANN6/wCo1nU/YgBtD0XyDDdHoOmmzSWh1opvq4Anb341vts/Mf0AAAAAAAAAAA4LequPZgAEWCUABFa8tcU9uAAAAAAAAAAANQdD6PqtzX6VAF/XXzboam3CbO9nuHP63VX1AAbOdL+bdy9/5qAAAAAAAAAAAOC3qrj2YABFglAARWvLXFPbgAAAAAAAAAACIZeaPK/qmlqT7GAAAALguPknpp1n5PmvcAAAAAAAAAAABwW9VcezAAIsEoACK15a4p7cAAAAAAAAAAADoGoFV9Up+DoAAABbE9DuHa/K5NiAAAAAAAAAAABwW9VcezAAIsEoACK15a4p7cAAAAAAAAAAAAAAAAAAAAAAAAAAAAAAcFvVXHswACLBKAAiteWuKe3AAAAAAAAAAAAAAAAAAAAAAAAAAAAAAHBb1Vx7MAAiwSgAIrXlrintwAAAAAAAAAAAAAAAAAAAAAAAAAAAAABkNvVZ3swACLBKAA62HsXrzgAAAAAAAAAAAAAAAAAAAAAAAAAAAAACTnh7UmIAiwSgAAAAAAAAAAAAAAAAAAAAAAAAAAAAAAAAAAAIsEoAAAAAAAAAAAAAAAAAAAAAAAAAAAAAAAAAAACLKhO8AAAAAAAAAAAAAAAAAAAAAAAAAAAAAAAAAAD8Pk6R/8QANRAAAQIDBwMEAQMDBAMAAAAABAAFAgMGAQcUFRYgNBI1QAgRFzATJTdQECE2IzE4YBgkM//aAAgBAQABBQIIMO0PAhLAhLAhLAhLAhLBBLBBLAhLAhLAhLAhLAhLAhLAhLAhLAhLAhLAhLAhLAhLAhLAhLAhLAhLAhLAhLAhLAhLAhLAhLAhLAhLAhLAhLAhLAhLAhLAhLAhLAhLAhLAhLAhLAhLAhLAhLAhLAhLAhLAhLAhLAhLAhLAhLAhLAhLAhLAhLAhLAhLAhLAhLAhLAhLAhLAhLAhLAhLBBLAhLAhLAhI0IOwMHhf9IO4QPC2kkwCwZ2Gs7DWdhrOw1nYazsNZ2Gs7DWdhrOw1nYazsNZ2Gs7DWdhrOw1nYazsNZ2Gs7DWdhrOw1nYazsNZ2Gs7EWdiLOxFnYizsRZ2Is7EWdiLOxFnYizsRZ2Is7EWdiLOxFnYizsNZ2Gs7DWdhrOw1nYazsNZ2Gs7DWdhrOw1nYazsNZ2Gs7DWdhrOw1nYazsNZ2GpDpIJmbDuEDwthUUUMibMjnQ5eEsvDWXhrLw1l4ay8NZeGsvDWXhrLw1l4ay8NZeGsvDWXhrLw1l4ay8NZeGsvDWXhrLw1l4ay8NZeGsvCWXhLLwll4Sy8JZeEsvCWXhLLwll4Sy8JZeEsvCWXhLLwll4Sy8NZeGsvDWXhrLw1l4ay8NZeGsvDWXhrLw1l4ay8NZeGsvDWXhrLw1l4ay8NZeGmqXBKcdh3CB4Wwzjfzzd3XYdwgeFsM43883d12HcIHhbDON4lZ3j0Zd7D/wCSdyqYr9rqaldnm+S7en6i+msrzaIu/mQRwzYN0qdJIh8Ru7rsO4QPC2GcbxPWdx7uvTFQNX0PSnpkoKj6ivl/5Gu7w1sDcd6tLrBD6Xrel61arur+aOvLfLx79qOuveIq3ZYaHuzvhpy9WKs/UhdnRbnd3fnQl5RfrM7jU3qOu2oifQtf01eKyXj31UTdhOpb1PXa1U911WjXd9TR/qouyBbvUDfiO80v6b726bLZfEbu67DuEDwthnG8T1ncelaJ9SjhTtwlMX0sT9fL/wAjfV9UzhPqWlrg7tmqkKDnHXR+oNzg+H/UtfwC5XgXwWV9CR6Vrq2wy6709elm7imKnbHH04UiTXnrN7hSlxt27dRvpR/I23jVpTtyLBepf+bd06FX/wA6YVcB6erjKKq+ivVlTrCz0T6dqZpuXdr4jd3XYdwgeFsM43ies7j3H/tKr5f+Rvqpuveqgtpf1dNoFI3F0NU1414/rBpbEsPpNYpjsAPRbpPvFfqaCfaVukvVIuGdIr2bwr3b1PWTZ7HgcH0yfvDT9VS7oL779by517KvsLkHem70x/s16vxCZ13/AKbr4qfIZ/Ebu67DuEDwthnG8R6pmm6jsBACbBEZRNGuLijqEodzOTm0tT2G0sjMwCw0pS0DwnmmabqOxnYGKnZDzS1MVFFDDZBY2UpSzKY80nS1RzCqZpw5rjpmm5rO2NTWyhkDDmDtNF0cwFeI3d12HcIHhbDON/PN3ddh3CB4Wwzjfzzd3XYdwgeFsM43kkEDiSDK9lRxTaur+KPVV4a1VeGtVXhrVV4a1VeGtVXhqGqbwOqCtDB7Wt+kmyoI4ZlnkN3ddh3CB4WwzjeQYYOAI4uxdQWysvhg621dbauttXW2rrbV1tq621dbapuXxQf6rXHTzxLPk+Q3d12HcIHhbDON5F4J/XPxNixNixNiZhc4cC9MRyXRjMawiWh5DkDsruTY+ATWQ/E2LE2LE2Kjp+HfLP8Abx27uuw7hA8LYZxvIvGhtFqbFrFrFqnJE51ccTUZ8kscwsQcOARpfCorJlb2kDVNi1i1i1QUi0+sPIbu67DuEDwthnG8isKdsqRomTZ0ibililikVUbwdKteDrRZtTvk62a5EkWFPJ59uKWKUE6bOmUbTenGnyG7uuw7hA8LYZxvJrOgxqmseaIrNlt/XF+uL9cX64pcx4nS/wBcX64v1xMtF1m+KiqAlUzH5Ld3XYdwgeFsM43n0v8A4z5zd3XYdwgeFsM43n0v/jPnN3ddh3CB4Wwzjedf3edXN143p6vVvAvDM85u7rsO4QPC2Gcbyy6lZg5hNdt8uP5ABV4h7PXdH3TzGm7yi/kAFfIAK+QAV8gAqXWwsyxpfJTn5Ld3XYdwgeFsM43lVCfY2MreNJWBCWBCWBCWBCWBCWBCWBCWBCRY8iTBd4P+Sd5Dd3XYdwgeFsM43lV6f+Zx6kCKxwtBwjRMbYg3CAccFyMgkDmlTHACENt64l1xJxJnSRGBrks7V5Dd3XYdwgeFsM43lTHHOHDqQbpltLTDhHUabMPlvAYzzLieYXSCdVtpuV9S6lT7dG7VFZZ7WeQ3d12HcIHhbDON5NdmzQ6XlQ2S5fusROtlQz50EuJ0cYh4HRxlSIXRxhImlkz4fdWxe1l2kmOcN5Ld3XYdwgeFsM43k3iufW4+691StRvOHsNcKqIn09JWkxZkENNCz3EmnRpYfunSbO/Ayt0lqa/Jbu67DuEDwthnG8mJzifnT+lPnCgqlXeBrLc6llTLRnMKCTShMiY5TYqdbRlRjfnNXeU3d12HcIHhbDON5F5b9CxUqGFbIFw0xYaYsNMWGmLDTFhpiCmGt5NsibbaZHADIuza7BKb8pu7rsO4QPC2GcbyK1pKTWDTFdteuFFoO+haDvoWg76FoO+haDvoQNHXxuAWg76FoO+hNN0byUQOPIEkeU3d12HcIHhbDON59L/4z5zd3XYdwgeFsN43n0v/AIz5zd3XYdwgeFsN43neqAes2+nvSyFXT1F5zd3XYdwgeFsN43nVUYwyWilHVobWQA+AuHzW7uuw7hA8LYbxvNf6jwUUMuCYSSGNNmNjqUMQ3vH5rfMbu67DuEDwthvG8uOOCXA8VdOcIRpcsSX1rrRUqUbJFcS2xNr7Z0Sp0E6Dym7uuw7hA8LYbxvCqB+Eppvq2rGqjGSVHbMlbTjhW0V2eD6kjbGVpPHcZLcNb1rrXWur3Uu0lojZ3vqlCGSy4FOmwyZVIVY01vTdJVQBWdP+K3d12HcIHhbDeN4RwQjkHddS86Kq3kSq6nq9zZ7y46FugdGc6m/6VJUclhGnEGHz/wAipeP+9Lzh5cUbk3HSBnUyOUxlkGHjnupUP5FMlxwzGJ9mk2trhYXA4cC7y2KgGG7djFqukrvpcdOV54jd3XYdwgeFsN433ulWTQXnVr+tWv61a/pjmnsLhUVHTn17cqPlks9JQE0W26tf041k8CM8wmcQR+ZfmQrqUEgXcxsJNql6cZ0DybBCxVBlrkdVb04jfmX5lMt6o6feXHIJ1UPs6UMPFIouKhpdlKUUDMoQPVr+tWv61a/rVr+h6yJtc/vbu67DuEDwthvG+9v/AHL+ibKlz5dS0aUx22ToYrPyIdpJmozDySaeJkFwyHZlY7XAliFMcp47hTn5FbNssspqkCn+OTJkjSfoq3v/AN7d3XYdwgeFsN433t/7l/VVdAS5ysm+6bancG6UaSNPKDYWY6S2SGhxLqMUgU2pjCCXC2bZYqSoKX0/VVvf/vbu67DuEDwthvG+9v8A3L+uoaKZ3+F5bD2Bw/Kvyr8q/KmoA17cKeolnYYfrq3v/wB7d3XYdwgeFsN433t/7l/Y+MLZUIVU0S8UvD+ZfmVK0Y7VUmKn2ynAfsq3v/3t3ddh3CB4Ww3jfe3/ALl/bOkySJVX3UuAc2kbqnI+bIkyRpP21b3/AO9u7rsO4QPC2G8b72/9y/Oq3v8A97d3XYdwgeFsN432e9i6oU9Sjyminryr9nW8cayKUP1QrqhXVCuqFdUK6ofF/suqFdUKvmvBvjoq8C7q2ptGdUK6oV1QrqhXVCuqH6W7uuw7hA8LYbxvqLMGAHcK4j/IVVVb2zNUXhrVF4ab6ZqZuvD1ReGtUXhrVF4a1ReGtUXhqRU9c9cqrXKVG3T7Z0HhOFbhSbDqtq6NaovDWqLw1W1M1NXLxqi8NaovDWqLw1qi8NaovDUNT3gdVlVP0tMTrA4y97d3XYdwgeFsM431Vsf/AOwDNDgsxbYsW2LFtixbYsW2LFtixbYsW2LFtixTWnmOVhmiRbIC8Grz8AwBxDwzMW2LFtixbYsW2LFtixbYsW2LFtixbYsW2I6aJHbd0PHY1b27uuw7hA8LYZxvqOMzN86l1IWazhNhzaMcNG0mASZlMP8AKHLZiRWjqXUupdSmQxlmww9EPg1ubiX3qXUmfAQyrJLO8gSKfdBShKeeXGARgOnh9S6l1LqRxmCDYwsvad7d3XYdwgeFsM4301K7ZIyBybAxOtdakO+Wsoj4Y4OjNF+hhzZkVdESpsdPda611rrVEB5g/wDg2/2shPzUrrXWmM3BCx1GUahZscy8JwJnQCvMiaS7da611rrQw2bPcNntZvbu67DuEDwthnG+m8Q38pnuvdWyp1iiEMgh91DDHGvde6917r3RJEsaRQjZMbae8Guz7QKZgshgg91bKnQQ9MfR0x9Huvde6917r3Xurug8QV9Dd3XYdwgeFsM4301LOhJqX3Xus+mmWxyHOyqW5gHOhDZ8mchmmmveXT0NpprDJFL917qUHG5ukuHog8G8KdDGV7/0NqGaa3kDxwN7RC2R0ppYa1yiaGOdDPZrRSNHgSLZ8qKROR06ZJDpprhZ2X6G7uuw7hA8LYZxvod3GUztYX5vwdS6kPNslTy3ij57iFV0MyyGphrD5DtTVqHqeCyU4VFKLZOpdSoCXjKh8J1cM3qPqXUmkgEdwsvBqTE2vFMxD6qHxri7NsLc41LAW3x1c3FqbOtmzOpN8OMqCGzph+hu7rsO4QPC2Gcb6L0T/ZtTG2QPDhPaqZgkxtrjKkzQjZMiUCcRJGanM2XC0zYZEbW5y5ckMsmWOxxRju8mBpLuzbYw6f8ABqd4yFgbhsGFBZ1xl03TYJNrUVNnSgjJ8kYQo2ZJbzyZwzGbadKa3IhSRiCJzcyTyjHACEGVdyDaa+/S3d12HcIHhbDON9FUHZrWiouPofT6ix4pxcwqpnB3AtJmuDe1QjWzpRkhynOzdG5nTK2tLdAWWuf8qNHtcp48uyVJ8G9I78xKk/8A2qOpsI9xuJodJTHBvaYZRDWEzmxmO7u2PGZVeQ7ODZTLtHOBn1TOMnsbgXAEFQjRGzU19Ld3XYdwgeFsM4288qEEFlGnQAfjiQ00oSb+OJETCSphD6/FjiPb6AOK/v4Uqe6OxNuYumNYX5tbW91LnOrjd825lUvhPMUbjWH44lZBHZaTMJMnxTCY5Aj0+gjhuTs3zJb6/Sp81+fp82YQZOkMz5DIOqR4zqcK3RPNSQQdEH0t3ddh3CB4Wwzjb6vGMMpZrrJohH1XTq1XTq1XTq1XTq1XTq1XTq1bTfvqunVqunVbVlO2WS6pteJ1GMM2nWHwpr9BTz3ZVlO+2q6dWq6dWq6dWq6dWq6dVtW05YtV06tV06tV06p1bNH5buGB1Gt+pu7rsO4QPC2Gcb6HalqYf18X3aL4vu0Xxfdovi+7RfF92i+L7tEFd1d7HeD8X3aL4vu0UN2V20FowggUvw3FqaniR8X3aL4vu0Xxfdovi+7RfF92i+L7tFU93V3w738X3aL4vu0XxfdomxiZGSX9bd3XYdwgeFsM433t/wC5fnVb3/727uuw7hA8LYZxvvb/ANy/Oq3v/wB7d3XYdwgeFsM433GGBtwoV4t3sF4MmdKIlebVd4NAxP7Y7tT4H9zd3XYdwgeFsM433O7YK9tdK3QORt8MqVLkSvN9Q12pbFeZd3SUihqM+5u7rsO4QPC2Gcb73Sgqad3f47YF8dsC+O2BfHbAvjtgXx2wL47YF8dsC+O2BfHbAvjtgXx2wL47YF8dsC+O2BMNCs5rH8dsC+O2BfHbAvjtgXx2wL47YF8dsC+O2BfHbAvjtgXx2wL47YF8dsC+O2BSLuqWkOX3t3ddh3CB4WwzjefS/wDjPnN3ddh3CB4Wwzjec81XS9Ox0NWFIu7T5zd3XYdwgeFsM43lW22Q2RHSYFmUhZlIXqMpQatrv/TFRA9J0rmUhZlIWZSFY4yLVBOgmeU3d12HcIHhbDON5NRVJlqmRVA5QTKFlzI9ASFoCQrbvhorJV3YUiVoCQtASFDQUmCLL3UOBlqE2CcEZYRD5Dd3XYdwgeFsM43kVO+5EBI/01C6TYYc2mrNpqlZ1PlkFnCR5tNUs8ucs2mrNpqtdZtthkqAuVSDzML8lu7rsO4QPC2GcbyK8K6qnxKxKxKxKthPmsgjfmjyQ0gGDhSGQWXiViViViVSk6zWdn+3jt3ddh3CB4WwzjeRemBMl24hYhYhYhZ9Rx7UM+Uw0mB1TCAxxVbSkqDELELELEK69tjnk+Q3d12HcIHhbDON5DgAK6BVfSp9JTcasasasasasasasasasaqPpsyriW1vEaQPIbu67DuEDwthnG8ksQU8d4uWZirfgipF8EVIvgipF8EVIvgipF8EVIvgipF8EVIme5RqGQYYbeP5Ld3XYdwgeFsM43883d12HcIHhbDON/PN3ddh3CB4WwzjfzwINnXsO4QPC2Ry4ZkGXDLLhllwyy4ZZcMsuGWXDLLhllwyy4ZZcMsuGWXDLLhllwyy4ZZcMsuGWXDLLhllwyy4ZZcMsuGWXDLLhllwyy4ZZcMsuGWXDLLhllwyy4ZZcMsuGWXDLLhllwyy4ZZcMsuGWXDLLhllwyy4ZZcMsuGWXDLLhllwyy4ZZcMsuGWXDLLhllwyy4ZZcMsuGWXDLLhlKlwyoNh3CB4X/SDuEDwv+kHcIZ/MgG1CatQmrUJq1CatQmrUJq1CatQmrUJq1CatQmrUJq1CatQmrUJq1CatQmrUJq1CatQmrUJq1CatQmrUJq1CatQmrUJq1CatQmrUJq1CatQmrUJq1CatQmrUJq1CatQmrUJq1CatQmrUJq1CatQmrUJq1CatQmrUJq1CatQmrUJq1CatQmrUJq1CatQmrUJq1CatQmrUJq1CatQmrUJq1CatQmrUJq1CatQmrUJq1CatQmrURqJqAyMf/8QAZBEAAQEFAwUIDAcJDAcIAwAABAMAAQIFFAYTJBEVMzTwEiEwQERTVJEHFiMxYWR0hJSk1OEiJUFDUVK0FzI1VWJxxNXkEBhQVnWVlqGlsbXWJjZFV3aB0SBCY3Bzg/H0R4XF/9oACAEDAQE/Af8AzjRh3SqcMTU6XN7dTU6XN7dTU6XN7dTU6XN7dTU6XN7dTU6XN7dTU6XN7dTU6XN7dTU6XN7dTU6XN7dTU6XN7dTU6XN7dTU6XN7dTU6XN7dTU6XN7dTU6XN7dTU6XN7dTU6XN7dTU6XN7dTU6XN7dTU6XN7dTU6XN7dTU6XN7dTU6XN7dTU6XN7dTU6XN7dTU6XN7dTU6XN7dTU6XN7dTU6XN7dTU6XN7dTU6XN7dTU6XN7dTU6XN7dTU6XN7dTU6XN7dTU6XN7dTU6XN7dTU6XN7dTU6XN7dTU6XN7dTU6XN7dTU6XN7dTU6XN7dTU6XN7dTU6XN7dTU6XN7dTU6XN7dTU6XN7dTU6XN7dTU6XN7dTU6XN7dTU6XN7dTU6XN7dTU6XN7dTU6XN7dTU6XN7dTU6XN7dTU6XN7dTU6XN7dTU6XN7dTU6XN7dTEOhhU3MPBj6WD+HydKpwY+lg/h8nSqcGPpYOKxJRQjKGRJ4VEgceo8YIGIJH3vNyWqR/r/1MscMjCnGqppiRhuU6ySSOMN6yuO0wVhlaVQfkRSpnzH5CMM6/ykYep3+4L72s77uCW7igmurolakb0enqftA7JLJEJJrpKXyS2JG8mJ/7f5PFSdKpwY+lg4qr/qxMP5akn+G2jaWY0W+V0lTMhsg+/q0xJFGfv5d+nHe8n6H97IxEuQIhThijI7iSOT3uUy4oYof1kfIR4N5re/gZ/wDwkR/dMmRRVIi3KSf7N4yQTqw43SSScONylly0knKPhxe857nD9+Jzx9XdU02Idq78uQaodvEvHyEPFIHMVuElLlVGmqank1Tq5Pk2s4gfDYYnoxLLFwjGJgEIEIkrEkjYhBw9MSNiaYnI+pqcMRybk5FUxG5QSHVij3lb91PyjuFPkJf9AxPJn+LktK1IZtCmql3JJapqKjLh821OcainqH4emJqKeofhsNUMmeioVRw6SnqPJx6hw+J8oy4fycnJq7L7lB2RWMe86PrJHz/0ZUB6e4xIxC45OIHw2np84jX6Y0XclFdXqdXI7znjvI1dxGWJy9O/EEoVJA1TTE00z/A4H8pTv7NJGBTpJNKL+N6Kq0tluGyYl49NrBHR8u/kGJpiXjroEU1OQOQyBaBMZCUOlS1kcnWO/hycu/hicmGJ8oG1kYkcaOFyKd6tHcuWy0yG+8ghzl7h70Mjt7I/eqSLgbDrjj1BA78ih6CHw1e4pcpIyIOHH7+JJykas7I92XvDPxBD3jVJI0KccSZa/fTEHqCfSRhvtJLOUc8RMuPuF8uugOPyghyK5CC5W9v0t+PcPqCB78jfHHIuF7hOY7kNMoXuSpe+OQ7WRnS2ZTGXEuqOTk5xl3cFxd9w2XEuqCRmly8MquASMqqs3nUyprjQOvx5lOchOrd4YYjpLnEZHaDu/FSdKpwY+lg4qr/qxMP5akn+G2jYJ96hug9E8gnQOchiRySBivkc/LUuIv3/AD78pG+7fZyExzwGpFUZvRlk5HJdUdwqiCZNm/D1GsU48ypibh9O56+XTucvb38DP/4SI/umTTAqnlyA0LnpVd+US93z4wz6aXDv+lw64xZO9kHIqBn5V6cankcEcIIZROKKLGqCKjV8hLiSKZAf5gcdxNMOSPicg4xBBN+6oa0gsIB6a4MGiIlhQz++8eWzl0vImI2XlFPLiMmTlJAoxOQchw9PbFOK8QnaY95e005yucQQu8kfD2ichkdlqiskzyDjv3x5ggPkpiHouNdGuZJJclkXJNGyDXHexA8wng3y8pFp3D0+V1QUONuct89pAREK604sHc1EMSN3iMNaKnHJfvuw1SQ60iD+/vat4vZJNIg0ubEJ3wytQQOPkyVMtkYxJFM8h3J5iQNMSByHOJw0xGJ39XYZ6hc2KjXV7mGMOTk58kl8ycSuQ7lGHcPTDxdwv6gh9QQ4ammYCUzQgQ3xPkIIGHHqHU/4PJFdqwsyQIplxyacjEDjkPGeVflLzJ+SUS/wTOd/ZpI0gduQgzV070kuEY8moyED35KA8VMgOu5cdAYZDD3A+/vOJIxC65BE0ShCtrTIZUhUX2jGuMr9XGmMuehl7+WIemd8LK7K5cjK57TZNUpWXqrqUaQgw+G36YkcYanHpsj6gcYiY/GRLx3PQmJFRkHcKSTlJjEWlaVzDeKolroEEjobkZ1Qh+DySLiHEuuUSRkHZcgxT3vI36cezkUUdk91F89ZqTf4hJWl+6JKPvNEGuOMON8pPcBiiSfp7xEIo7suT4JO9leg8eJBMeUQjpQvckISMOO4h7yCEB/jNfI8kh65OIXiiIIxD6kh9QS6oe9pFA4gdVVdO9UFnU5cOQviCB3OJIGdT9HyDkED7+/TkU+r8VJ0qnBj6WDiqv8AqxMP5akn+G2jazv4OU/lKd/45Mv3Le/gZ/8AwkR/dMmjGhmIKY6WviEEUyGTKRMByafIOh/445OgGdlqc4ruHdUD3BEnfRCoBlRvWSDHcMOQPrC4w7yXDDkve/T09MMSS+oqMpBFMhoHzRVW0MxThclcjJEy4gh7tXGGljx82y1EjKhUEYWXjkZXLPdLkCCJi965ItUqm4mTmJ/OS0hCY+bkuHlsw+Tv1WbMn0YlpYsRBaNOYfieXS0aXL7+88gnVt/k4qElk1ON3nD5cmSnHa06eaVppCAndqrU2bMrnkuWdMX/AOjjibh7l3oPzmO97iF0HjOKXeTTZSsknchKc3p7h6oIYw0uIH33PIltNTEjVPfxA1QNUjd7k2+0YZEtmka/zRgyA5N/lRwoyx8Qsxlz3Oe4hy65DxyHPfcLjXC6JKFMsNMJsfDghpbCQtMMhEQ+/kqCCUEBClyhR19+TS6oc8i/eU7JTkjj5yXAFcfDFDIZXDHHfx1c5yk9Jw0l7v8A82k/4Ilf8my37MO1oP8AX5Xym1f+Iy9rSJKqT2r0wTylyBUCH4YiWZXjy9ZDK7ffLkB3ICjvyOFXGeKuOOSM6lXOhIBohYCFUhCHTGYb2WmeVkGGc92Iph3PHJcOvfoOJv3oOHyiw5bLROjshzaiVm5aOSP0cgeYyQYkcjxkYgenXaUffzT+Uf8A+bLWVgijlxm4c/KiQMSR4B8SNlf+Ygkcf85DvkYBaGV4ZWC8TmM6XpyHcmzi5YnE6Cn3RNSKg8d5D8pEv7z3r0/FCdKpwY+lg4rliemoju+5rYin5PUj1DhyKfxdxBHpBLJppIw7lJO5SxGreMYkj0gnEkfuEOhKguioKxGnp8TicO7K6nxPJ8j34fwv/cXghKvISoL6+yDPqcRhnD07h/JnIOp3fQO0MO5+BA2WKGGOH5pXWfGeU/aR2hThTvNync3zLQwERbohO+VdT5KnE6vvD5PJ3DDU/R/3MsT01Ed33NbKRT8nqB3EOHIp/F3EEekEtCnBD8KFNou6QppR92SR6sTrP2cdk04YIU0kk7lJFlEoFl6lVO+JxD6gnWMpG+Q+p1nEco6R8jRd0hThi0SLJuhRSUSS7imtrIw2rE4mo+0YjynEMimkOlGggncpq1FQONhhyKgmpIqPKCchJHjOJ1loIEoLy7gur5k1FUlIFUlLlVHEjEjayM10jHFBFuB71J+UfD6u/Vsr/DTFP3/DxUnSqcGPpYP4fJ0qnBj6WD+HydKpwY+lg42LZ2cmfCSHuUvGcN+0+rNFYW0EXzg3rPszdotoecG6yf1a3aLaHnBusn9Wt2i2h5wbrJ/VrdotoecG6yf1a3aLaHnBusn9Wt2i2h5wbrJ/Vrdo1oPrjes+zsZZmfA/Cp6xLxbE+rayya3/AHYmhi3XGSdKpwY+lg4zDDFFFuYWs1YtIG7PmPdiujcmG/advGWihPTi7gmOil5O26m3OerNuptznqzbqbc56s26m3OerNuptznqzbqbc56s26m3OerNuptznqzQwnqRd3gHWS8ma1liEJpCoZLu4no+s+U+0MnEqmqokoncqo8ZJ0qnBj6WDjNg5TnKc36qd8lLcT5zyb9JJ82a5ia5ia5iafzHMksImMSF9c0w1PUU+IJJGHxJGrjjYnWSWCUtemuHFNg5KuAZkGIzJnGpGeTqxJNThqZ2gIpu9UVG+8dpPaYCcGzQVJQf4t1bEayMPrJPJqYfE03y5N76WCtBJJgVAGFNBlild541TrD/AKB+kPYm0kmGrIIpgNVB1NSN4Rv2h7h2s/NkrQS5OYIecjjYimI6N9OrU7XMTXMTXMTdkST5vnaZiSdylMhqnzkbWf0YnjJOlU4MfSwcZ7E6iShU4D+dWGGJ9GJJGJ+0jNR7bPaj22e1Hts9rTlISeXJlGAZylixIw0x5SOPLidYmRA1MTUjj9G5T0lkwrNS4mTq2Lmg9cZMpcOTJZbO85DTIYl+JImUtJJJJGzdLqleow9LlfUZMMwJgQKvZIv4BjFQyCJjm7D1BAw0uHqMP0fk5JNNT/1MSaoZPbDXs+kkzWWmY3xJJR8LLECHuHe/OVQSViHXFQKRTvHfkyjucMg90hFho+yAr872yWjG9GGGawsKBVlJPcEDLXQww5NORUUxPRiejEfQM1Hts9qPbZ7Ue2z27LUSUK8jD+dRqSfNiaYYb7MTxknSqcGPpYOMyGcFSGaBzQXSo6yN0kblIxPlP7S0nKAn0uDmktUvhTPVukjE+Mjcpah/I/qah/I/qag/8Ng7JyQBW/AkctDK6SNLRxifSRhmdIJdCYpMYQBq9XKORMaYapIGf3xqnWfkZGyMhH0EjkiOJGJw0tGHxI1TTk6trI1QRTE6yNUE07DycUWopQxkqwmpJphhhqkknWSSekkk9JYOz8tlsKiUul40tSWxJNMMONUk9JwzUP5H9TUP5H9TTYgCRy4yaTFS5FDxJPsw3jJOrDNaCeE2gmxk0K+d1Ybow3JhvNvWCcRxknSqcGPpYONWHt1MbFnKKpJ1krW1mW1NMMT4yNrNMT4zTathmlPZqsMd8GY5ykKnjI1SN5sTLakn0kYZvutdi/8AjP8A2HaT9Rt91rsX/wAZ/wCw7SfqNvutdi/+M/8AYdpP1G33Wuxf/Gf+w7SfqNvutdi/+M/9iWj/AFG33Wuxf/Gf+w7SfqNvutdi/wDjP/YdpP1G33Wuxf8Axn/sO0n6jabdmqwwPwQM5T5XxaW0w3nOcqYn1YlrdW+PtsUPuh82ysPVpbU1OJ6SSThqkno2Gww3nJJPGSdKpwY+lg/gB33kHHydKpwY+lg/gB33kHHydKpwY+lg4+QpGl8KFh1lY/8A0+Pk6VTgx9LBxweXnlQ7pAMlZLyZopLO/wAVktmSffiwllJHO1Idzmslk5HO04dzDLCWzJPvxYS2ZJ9+LCWzJPvxYS2ZJ9+LCWzJPvxYS26VTVuF07lRHkxPGSdKpwY+lg42KjULjoQ/PEjDekktEjCGhBAgP3JFr5fo/wDe18v0f+9r5fo/97Xy/R/72vl+j/3tfL9H/va+X6P/AHtfL9H/AL2HiVWi3KqbWmiSWtAZGl8zTDecjDcZJ0qnBj6WDjdh5bWTRQqJPuUtG9ZJ1b9Ja5Y4qfKTheXSZOSXSUtHJIzjnHlBBA/J/J2l5k5TmkEsnY8tvDBiCBiZbU0+HJHGJGKGJxHKalxGreU8mTMlqxVGkZLVind8apGqcPrGG1nDsUbKwlboyYS0NXWaYkkYYmn85JYogMRJNUwgYNNblJJIww/rLS46I6ZTwTcDU0tIlrxyBuUVMueRiOrDUzXP5DXP5DTgqGVy4w+L5kb1nk3rLbqJSJRVVS9VWxJPGSdKpwY+lg43YuT5vkg6sWlmXxl6Tq3qzXLGSXOlrJglnCZS25ksu/BhLxanEk6y9w5HuZOXGydeehqRzGZ2jWkhOZJyQSSRUy12sCjD8lmQ5L6inqSf/Ap791SmjLFZMHEhMLIhqupnjrjS6ZdsYxVQ53JiSJkQTUb2rED5Mi7sNiWPKkKqVoI4w7NhkozOYDkkzskiZTookbIORTS6mqRhyH6tTzGnGe7eGHxFNJXyZRCy8Vo6alzIU6XZzyZvqR5jTlaxhqimcPcVG95xTNYuACKZWszdqOcZbT/mpyslN4rly03yU9PTYfK1y1y3ZKMiRQl8rh5ZiSfJhtW9Z+zcaJ0qnBj6WDjUjlsU2m0vl0PLCcT5NrJPq1S0KMMPwYU2u9tntCGhCqovCONVLYappsTTdGqWiDQUVgXiHGWVRqaYmmxI1TrNN0ap5SycllaZVfDK5aifrNTTDVOI1jE01TiGUksrUKr1ZXLVj3U5LiaYapcShkuMTTVOHyOp/pyO+hopLK1BYA45XLVgEsQMNTDUw5PSaampuUksiCKPEpEgGMiqtTVNMMMNU0w9MNU+TDYYfowzXe2z2u9tntbqYQzC0ZEKWilvxb6NiSfWSSRvNuNE6VTgx9LBxrsWy+IibGH/ADQY1N5ySThvVhyWu/ztd/na2dkpDWSM3N73lTi1stFmRFUTkJGKeRUjvdU5B7/eflHp35HPc57srPl0tsYIr2vyMgoqZEjDDy4aYkYklwxJGJImJJFOOMNUkOIYa06+5miE2khEomctlpM7zcQSOSNMZcN0eZDYbWMORhsP4ziaZ1tDUlRITbLTJBKbj/ElOSKSTMicgtOOSM7Lm2oqb+pK1Ydz8LkqHjqWtMFlM8MmNn83HyGmqZbnEYmpHmVPTEZxGGpsuscmJ1f0YS1BscxCQPs+RLZXOKgaSTIkocl5BD3VI1TLcjyJa8lDeHqHvXv+4XGskDXf52n0whkskmk0i5GNhvKScMN6y0O6i+FFpVuNE6VTgx9LBxqwslhk9mpfuk8TMvjInznVvVqbzkklty25a08rMmEdnKMe+zbaySzInEDjU0uHqagnElO9HHxHgf3mtvZ+KdABvSl+eFJdMnE5tJmC8uzkK4enJFqUCB3DkD39+ORUU+QflGrtKLIEopzwpKyQtnFFpLMZcOO6eEzqZEEkj8/nHNo42gQegQg4pxGRe/QH7xklmKhlh1YR+5yepzjiRsN8W03ScTiejVLW3BIRlFtTHwYYwWzlKT0imIxP2lkU7Vzg+UITSTyyWgS0nORMyHmNTnIgYfDulo2WpGHIIxFOTyfK+/qNZ3Ldl6bXaUns+kppvjuZfZpaN9pJ9G42TpVODH0sHGbJyOK0lo5PJIf9pE4nycbEk+rDEsssleqblO5Sa+Sa+Sa+Sa+Sa+Sa+SaZBgTUMgA9O+FM1kaoIH5TU6wNTkNColD8Fg0Yjl00EE71VrfHJTC2U8XSUvkkSc2jeTS0bNv6NU8bJ0qnBj6WDjNl7RGWVnYc9BTGWKDqcMTq5NSMSMTq3i5LEdnaXERXq/Y7GWU5ST2yU32aSN926Tf7uB/6WE/qRvu3Sb/dwP8A0sJ/Ujfduk3+7gf+lhP6kb7t0m/3cD/0sJ/Ujfduk3+7gf8ApYT+pGd2bpNF/wDjgb+lpP6kb7t0m/3cD/0sJ/Ujfduk3+7gf+lhP6kaddnCaFAqAWekcus3VjUxBI5NTMvNiaeXUxPjFMQTykamI44TpVODH0sH8AO+8g4+TpVODH0sH8AO+8g4+TpVODH0sHHyt1DDuoVGFhii+FFHx8nSqcGPpYOPpoqkRXSUF8r0YZiIVwY6dcclFXxnDMiteceJ0qnBj6WDj0hka88MTSh7iLyknblLS+QAydK6DHcqrygknf8Ap/N8m3ytMbPS+dD3B4jvFyRt6n/r3vl+V/8A0tJZsqzZXwVL4BbVif0Ynxn7SyJG6+DFx0nSqcGPpYOO2fsWVNLso/Bgesk+zDbeMsHLwgkE0Bh7lJH90mXhmoKIFD3yS2staTsfmS+oMlfdgEsTTcpG9p+0+UsiVufgRNDFuvveNk6VTgx9LBxNWOFJBclSPuYg9QR5ONrHe6ONUkkeLDkU9QTTDEQwQxoFkxKDIjBjkzIkkneGGGG/55HVOGHHe/lBI+XeYdS+QgVemSjejDEU5OsD7zsORvvxHyE/L/y3/wDtJpxKRJpJJ3yqzWbsSkHdmTTuxXRuTDe0k+rDcm6S0ztDOZYUmP2rvWFLmI8ulxOehh6ggjV8NTE01R4y0pMmhkBGdJPme51f4yGmVR6Pq1M258DbnwNufA253TWqsChMrw+V4M/o3JifZifGfSekspCvL11BV07lVHDEjMmpCpD8H9wUeIpccVLSrEjDek4ZhSEiod0l8yTTbfaBvFyRyGy5Fzxe8rLpjMJMT5RLyCJeRTeL1A+G8W5MPxYnSqcGPpYOJorRDqprpaVFihk0ZsrJkILmTy9CXWkHl1TUOzhaQaqGdfr93IGs28YnMg5RBNNnFempqUa4WUiUmBCCj6wYMaW3EteNTDj1MtHKIJXyXBExzkQQu58yqXD0yA0tGp15aVUBDkxJljd5J07qJdUkDvIJlpMuIIpyZjkHGQpZiTT8mIphh8NT5GEiuypgPFAQIUrTTHNpGrDDTIUZ42buU5uIpyCB6jEEk1JOrEjfuyWTlTwxMMXzkjkww3SWkdmZdI0k7hO+K5TMidZ/ZhvFhm3DWsh+FZj/AIskn6Q1rkSlnycMVOWrOMmW/nupzcSQOKSQMMRTaxU8mHfrJAw+80MrmkvVnlUpZsNJazcyqZLJCSRuTYeZvlhHo1SM8diJMAmXYeFIe5zi4gaZU+HfMhs3DEZJjEPvlYgd9RU1H08pa0IgwMstwgEgMGLkkhNOO6nHcSSTiaYXk+rd5jZfJgSLLryymqjJkNTEjazMpcQMTUkEkaxMuTEkkEVGI8pbcNPrKyu0A6kJQ9yVyaZDayN7SN4sS0+s+fZk+lK0S2JGJG1YkfbWRmRWvGk/4Xlf8pS37SOybnwADzhPuObCCRp3q49TJCZkRTTp3SJjJCbiX4kl3xIThxvi5i3xZxtGlAvcpL29tpU7znVFNOZi8eXZN5+JqM473wn5l38rsrxyh4AZtL4B3XI03s4TMiR8r6ccmXToiW1A+V71xc41FTMXLkL4gfD04+H4qTpVODH0sHEIotzFubtt1F9T7P7S26i+p9n9pbdRfU+z+0sp3Y4g+JPuqw8tl3JqemloxIw3y6ziMT+jMu+/iTUpnJFIjuGcUPcIErjcmHIIc/ITTPqafLDERiHjVFMOMOPCnuU1IYqhZVUoiZETEgipmJJJGskkEPIyVBPKXZOTjDDOHGGHFZJK6VIXivyyi6eoJIIqCXjDjvHGH1jDjDjYcUdDuGTIRrBBBBG6i+p9n9paWoV54YccdwmWSMNU9GqSKb6Wk8hDkYqYoaflJPKSfKWuWuWMlYp1HEUPfUZI0yG1nDkjasThvsxOGaZScCbCxhzEesFV36b9pGxI3mzS+ycjlYpgYEvuEjKkYnIQQuQSMThqaoXIqKbzhlJKCorL1Yh+6yj8G4knDYam6TicN0mpa0VnHTSVzgUGmSPmdM55JBJNPkGJHpt/E8neTqw7S+yMhlZikxDlYyJ6vKcTynWacYkinH83GHwz6bVmuWuWnFnwJ8GoGePfJcmJ5SMT0kZphL4ZXMTw0o6xIMkkap6RTE07ClKirjlJD91RJGJ9GxPSdneFpatFLYk4x4L25IIJxFOQORUkk1A5A/KByKgkYgfLiB8OwwaA4y41NepKnkTAYgqneQLMV1113EDPyj95xBA7t/JTL96/plx0UHwLrmR1BZKtOMQQTTVFMNU5tG8nl9QQOP4v335W3UX1Ps/tLbqL6n2f2lt1F9T7P7S26i+p9n9pa8+snxAnSqcGPpYOIO0kfm/6RwVi7fQqXcrtARc3OrTIn7MT7T6TicS0KcKkKcUPdklmuWKm4qNRSjzKcKo4amlwxJOJGJpiRqnDS2pG5SMTManDE4apYSEogUdUwOjKW1gapHJpvF6kfDEtacUkGvm8+tgTJlFantblskJJza8cbLTVI9N8ZEEEb8xd4KeppqamKks9n0UriXnBMolebRyCXSUimmRE7JyVD6qnIHzcMP0YjEEcm1chpaJaE4CcSeVT+sGEnebRrRlYiY5kePUzMcUnfqZkMQTm5xHyvqHDkjOHGHGlI5MvtQPLZTaCZWjAxI9ox5kTnPMpI45ObXZzpxhhiSCMMTLR8ThiKjk9NctEnDDBuo9E1tLeJIpZus+ZfKrazMhuTeLDE9J8Z5NybE6twMX30G3JyeIE6VTgx9LBxB2kj83/AEjg7H28Ps6rAGVjJN0blI3jI32mm1YnxYnEsGQLMBUzAyBjBVtWJGaZ2Ql0zXUMgjmMnmiw9PnuSzEiXTKmqR8MTT4cnVxxshI5OG1amwzAilDijpGGZxKR1kmmGGqfGaYbDDebMdaKfS9WaSyb2PmU4ctUZsJkktqpNMpcQ6nQGmRBBBObSMrqaYPxHfcvTU7hnlThecy4WQWXik9pFQRJJLc9TKzcuJmJJBI41NmQYnDDDD4bEEjkEkU1OMPTYhrLmCmgXAdn53IRZdhxhp3Lc2+jDVJNQN4x0lrIy8USU7kUOZCJLTKZEk57GHGmRJJBBNSSTTdI5MT0amYxYUFBQowgYMVHWSSdWa2luirQLkAAKXMmR82JmXjJPi3RhvScTwcX30G3JyeIE6VTgx9LBxB2kj83/SOEkNqJ3ZtXdSsy6SqakkYnEjE+UjfpI1MT4y1jbWAWuBv0sGej+EpbU4kbxkbpIxPSfNmp2p2p2p2tdaiV2RAUXKUvj1vwbLeUkk/ow3SSf0lp9aqd2kV3U0MvkqmoGlo+Glo/kw36STUk+McJF99BtycniBOlU4MfSwcQdpI/N/0jhZfMDZSYOfLSCQykdWJH29JG1YlrB9lQC0UQcpnKebZ8thhif9mzL2Ykno2rEk6sTiaZqbwNTeBredlKXWbiIlMm+Mp8jhifxbLfKekk+LDatyknDUzTGZHzYwg+ZEEmFLaySRthxujDjYYbhYvvoNuTk8QJ0qnBj6WDiDtJH5v+kcPYPs3RS1JOV2vTJmQqOrTsbEzIb+UhuU+U6z0mpa3nZurUFJXY1MkNJbDEzsnDE/8A60bk3lJOJ6MMMSNUtE/dcNF99BtycniBOlU4MfSwcQdpI/N/0jj8X30G3JyeIE6VTgx9LBw2VovvfgtDGvEpud3v7eD9zK2VsrZWy8XytlZaNWBXSMnutz8JRsrZWytlbK2XgSdKpwY+lg4NNOJSJOGFO+VWZGy85I5Pc+Uk+zVLRWLnMX3pEt9JJ9mbtInfSJb6QT7O3aRO+kS30gn2du0ec7rdVEt9JJ9mbtInfSJb6QT7O3aRO+kS30gn2du0id9IlvpBPs7dpE76RLfSCfZ27SJ30iW+kE+zt2kznn5b6QT7MxllZ2HCordjGJI9GJ9ppmRi3UPEx5DNi4U4kg+5LcpJw37S0Vi5zFyiW+kk+zN2kTvpEt9IJ9nbtInfSJb6QT7O0Vh5zF98RLfSSfZm7SJ30iW+kE+zt2kTvpEt9IJ9nbtInfSJb6QT7O3aRO+kS30gn2du0id9IlvpBPs7dpE86RLfSSfZmWsbO04d1CoMt5z7S0MKqaqiSqdyqjhieAJ0qnBj6WDg7Hi1E0vbvuQYxPs3tLFIrxaPRNSmfXJalM+uS1KZ9clqUz65LUpn1yWpTPrktSmfXJalM+uS1KZ9clqUz65LLJxJgERL/MjEsjDuYeJS8eqODQ54kb9pZZFW67k1KZ9clqUz65LUpn1yWpTPrktSmfXJalM+uS1KZ9clqUz65LUpn1yWpTPrksKivDeXrTbcxTmaRQ9JJ4AnSqcGPpYODsTLaeU1UUHdTCfVhsON+kk+ctd7bPa722exQ88OmkwQAnmbRQ83YbNoxLsSMR0n6P68vgaXzEgEqaAzssZZ0tzaTnOmpqkeY4YdxIw2HGyEZN/oz6gjvMjNQ5gvKFQJphSyJiPTZuI+MqcbpJIw9PTaz4xqzI2ps4QVAGlNBqpV7nD4YkfI9++5zyCBnj957n/+v3DT77AzoU6dTSVwqd0D+SmJyupsMTl5NkHIpcn/AD/5Xe2z2u9tntd7bPa722e1sjKGSEQw6UzD+k6z6tUtD8HiVhQKgwgyKDUxsN5SR+z/AGlrvbZ7Xe2z2nUMxUIlYcumGbVTKmpIphydWGqdXJa+nElmMvQmkzFm40yqP9nDDEDUw1TybWR+kuYmfyk0M/N84o1RBhiCJlm0kimHJJG5PTUxNTU01NrA/mzHWikMrVuDZhcko8neOQQ7VxiO+OMQ7fHJG2HIYyfADzKThQkDXcz7zqYgh9MRh5dTEDYd9QR32u9tntd7bPa722e13ts9jFIQxSCldEiMST6M26iUjUVi0q2J4AnSqcGPpYOCFHVMKHFS0phIw3pLCgphijipaJEYYb0ZrqFrqFlpJnSfTiLOc6l1yNLfwdMaapwxGs4clirPAy2WEIQ1JmcpjJM5EzEmoImPx2NrHmxNM05g/wBJbIeUTr/DmNQST7HwizoO6IkS4kfLz5E6GxHrJLmFUQTtLOA4u4krDS0kYbpIw1SMSTU6vrLXULXULXULXULW+mFRNB5dDopdrPlJP7NTcTsjK6GSD7rSmfGRPnOrerUzXULXULT+XV58jFrCA74mZYmXEU5Or9IZOy4cvrD4jJlMikRyRhiZkTU02GJqKbVtZ+T6OtpgMkj2OE3JQXXxbLSPz1BAxBPrJLAhjqFWk3Sd9fEjDE+MjZkluH9YJ9IaREJDymwZRKl0ks8sap8YIeUMON/7/ey+BrqFrqFrqFrqFuyAdCHK0wIdLMifVhsST+jcCTpVODH0sHBdj+W1k5qok+5S0ap85Jww36ST5s13ts5rvbZzOUHi+9IG6TrPJuksmYGpFuUjBllfKRmu9tnMpFCnd3qlzfNd7bOa722c13ts5rvbZzXe2zmWihHSUXVUuUkcSSxhUUwMMPi5YSSTxKUgxTSYhgQ8sJH9G5T6MM0KO5h3MLXe2zmhUQUi3MJAyyvlLbqG9urzuus03KW3UN7dXndejcpa722c13ts5rvbZzXe2zmu9tnNd7bOa722c1ujq60aiUKncpaNTec6yT6zhvNuBJ0qnBj6WDguxyHc2fUXu9cJJJ82Gw36MS25/M25/Mylm0gYayEi+o7OTKW6t0kmpqdZ8ow/jGs4d7OXlEVj00O1OZJHUg7u2N8kHGl6C9R+EHzpDE06HhdiX4d+sPacWjJl68vk4Jkkrs3DTEmZTuY00tptWGpnjEVBBJNPU4bVxvKcMdO8/SuSERQDokh22kkuIpl6keoG7xAxGXEDE6wO/wCTQfJUMXOLVOgmE2Al8lWkUtKJwxJBOeiBpaRTEkjP1YfVyaaoxFONkpycPUEWkUTls4mSCYyqSMtlszkuUYjEZ7qRxxicT+MRqbD8m8ZaX2iXMCsxFdjV84KKGJG6Nm0cnONNiOTkDcpJ5T33tufzNufzN2RDogbOKJQ6WZEDS39JJ9WGpvOWhh3PEuxmLfTSYFXepjU3nJJPswxLbn8zbn8zS2zCcumOcYSL78NjU1N+MZlnLpPJtW8Z1nDauwZCakxUtkpHhTLSZkGJ5NmSmJlo5Pk5ExpySHf9WnEU3TtoPDJhhljlbN9+ZVVMMPnHWCabEE5dXw2/UkN22k5pT+LP9Is9drmbqnDZ76RUfi2nxHq9TyloZzaEfOkrPHlufUZaTO5bm1xJEtmIw+sjYl6BNTUeMcoe/k+QhGeQlIWfIQjH+OMST4sOPLSSSXfnGJpxvOWdbeYkQqTMZSySUrR1aXTGd09pCRRvOnjDkkO1cckfD6vkI5QOpCQgOulolhhifSW3P5mmRUMvAMPi5GMST6MM15EtEoqrpVsSTwJOlU4MfSwcDDDEpEnDDpVmk8pSk8rDlyXIxvWeUk+ck1LXe2zmu9tnMWLEQKQhDpVhiRvSRmDkNuUZSPIYl7JIgU2biCHZyXmNOThiCKcmnGIXp+9q4+TvvHfvtMbCqJxBFSaCTGKhywaWEi2kl7yhihRh3UxKFwPUoF72IiH7gQ978tPT4mKyJkUulaUOZESUbSS2dzHNstzbLaYbWBhqYapIp+TkEaxyinYqQ2rhgMlIBskSkRhBOIJGmWexxpiQSSSMOPqxFM8kmmqF/OGLsfFEvZ9IMj4mlo4w8yGJdiSRpaTUy3k7uVVFTq+sd5pTZVeXz6YTFQgZYDEkyUbfwxUxpiJjU4fpA2GcKQTh6l/05bvbZzXe2zm7Kh0MRkrlMHzIxEyJ85ww32Yn0nifY5k8Ichr4tLOCanzYbDDfpJPnLXe2zmu9tnNPA5kZKzBZQoMieZhnEk1OGHJ1gnDDE4inqabxho+xhZSIWMdIMhIqnp841ExqanvVNNUU3exGrU2TkzQyG2EJgc1hMkmdEbOvlpLyM5EDzFfOLyHVDqdAlBAgbckVI73EVOVCmpu7tFYsqgTVhPd2x5y7ZKmm+Lc46tTU2X8HU2G6TynxVpTI5xFNlJ3aAiWLGIi5uGGklTm8cd5NSQTicQQQuR+e5uPnr/uMpseqDMphEuveytEYkaSDDf7NHmRNTMqnD9Jw41MQTh8rQWImwMVAGFYkwDk8xnUkqJ0MO9+/U0w1KSQPycgnWeUU/eZEeFFJNKH5nDdG9Wa722c3ZGOhl9miEvnZkSNLRvtJPqw1N5y0PweBJ0qnBj6WDgex/KYppaUOKJPCy34yJ821b1mmbctaKbKyGVqHph5yUqBhhxqimqSCSRh9ZpieksLOLXrLoJr2HeGMqQPUE9sksJp0MuIIpqfEU7t+n/5MnNJWsumKlNJasUrUU4wxI1STT1AxOGqanDU5FR5OR0dkT5cSSuGhMBlShNYGGJGJJH8oG1kdiJhLhihwyjx0STNXHJJGGJI5NhxtZJxLGTiTS9W4PnEtDU1mmJmQwxPoxJLRTpCMqTpARy2ZDTh8xdnIeZS3DUw+/TD/wC0sRlHJptXyVBLJzeTrKoIJTeXLKl744w0xHqSHZSHYcapxG+OQ7D9HIYgwAVUdAowYNUzVhiSRhiSfJhidZ1kbVmMtFAmUAkAhnIWYy6dzEeYjE4f4tp8MPTDE1FQSRTVFRhsvKGlRmdJXL5jEnR1gw0ypujVI1TrOGa0k0z1aCcTGDRLE4bycbDDerDcSDDXmBg4Yqd8UWSMMN5SSw4aQIw4aGiDGGGG8mGGpmWiu0lFeZYG1VqpkKgeHYO+FLxIxPbJLRso/nI1R15PzNDOAhx0M7mS2TnK01TLiZkNhiCBtXqeUasTTdJpiaZlj5cMSgGueMkSXq45JI4xJHk4+skMYYHL0r88sYNLVqkkgYYap8pJYqYysNAckyYS0MVbViSSRhhieU4YknDE4ZjbRAwy2YHykyWzdUOnqBh53LhRsSRT4mZVFMN5zrGrsROZOJu4DJrLRFUqeocRMhh6eoQvx6hxBPKEByCEOf8AlYgoUNBQoowYMXpJJIw42J1bEk4ZptaAUEBUoCmnCqJEuGJFGJGw+eiRxxiCKeodiRyagXD4kdpVMo5krOUow6TNszJlrsRUVLhhhiajVx6fWdXxHlDdlSaQlTsOVpKdyk42J8pmWJ+zU3BE6VTgx9LBwPYplNLITJpEn3WcE0w3k0t/aSSfRmyN2QEr2ziie7ur6YyQaoH3iBvjIbV/GGllk81moGutLa6Y3Tl8LMZ3Uy0i/QehiBnij6DdX6HjDocmR7srS+XpBWNtJOQA8s5V7bXumLhvjId7piSLhydYHQGGGeRT72IxDSuRTRNCykxQUsBLRkipcRL5kMTMhZlMr/WJcQQRrRJI7iBiBiXudfVA7nj9548pm077byoh7FKvzlMh5iTaTOWepaONvDPqdXlww42rEDPdq2TLh945NBcORyeCX2btJbIyXDOzkQMNMhhpagPkfOySiBspI3RqnWSSMPUOw65EnQkc47G8rG30w895PGCc21BBPnC/d/zMjJZah2O3z5MMfOiM7HKdMt6pc91ox5a5BxGsU1P3h9WqH1GstCBJplaC3iloEx6kQYanqdYl0lzbUZxlvRsRiakfEDEP5O3Y7h/0Ls/5MT/iRLW4mWZ7KzheFTupg+bRvKZjhifRhqknzZoYdzDxLsUyustARMYk+5ScYknzknDDerVJPmzZGKhwpHkxLWVsfW2fk5nbRa4O9FHIppdPLgYfycenfTj+HL1tBKAJjbidEGiDFqByyS01QMOQgO8gmYYkYdf5/DD06++Qj/7zIymaT3ttKiHsWr8ZTIeYk2kzjnqWDDOdTZCHYeXCjjauQh3C4GfUfBGdkIEnUytBJ5fG+yc4KCskO8bPa8xmUqmT3vx8xl1PlQJLXdT1L10N8cepyYdxDpeiDIbPzBO0CdnJ9czojNsklnxkONMSHb8kGGmQxJAxFTlw2JIGcSTl+VpxIsz2CtIQsHLgppM6cmZDy8VAccbLMh3jS0dw/cMgw79NygipXqCNYZCQyuc2ytg6ZBjl3Mtkgw9TiXIVMuykkj9HJdS4cjWB3Pw+XK0kTQmiHYzDnUDlpWtL53TjEb4xUyGJpxRiB8mIphvhDjkaxUUzsugaxI8vHtBbseW6ghMpbcU2rCveMS8kYf5bgch5CA479Xp3DtEokPCouupcihjEkk+TjDVJPq7HHKzQ+YTFfSzIkkn0kmp4InSqcGPpYOATTiUiTSh0qrDy9CShhyZDRS0YYbyknlJPnJNSSS26h2/+GMFCOSpzR75LDE03jIxFSP6OS26h2/8AhhRRQ0rgVO5SxJNN4ySTUkekkksHZezQJNcFI5aiT36kYbV3+L9H82Y6zNnZkVXHyeXGFdJIG1im6T0jvco5PhmOsrZmZL1JsnGWJw41R4B8gw3q+TqYWRyQPN8IsvGRzbUky3xap1mn8pbMsmzdmnN42a9YpuTazUfacQ1prLTmcTNQod9myxVRhxxs9y0nOMkfyjN1Mg7OTqjE00yqRhiX0zh6epeRJZaPJZRL5WlHepBjU1R0npBHnBLdl6bXxkrkKSncgxs5E+Uk6vU+TS2mJG/lLifY3lacrsgGVd4qfEkzInyYYkmWy0bybDEk+ctuodv/AIaKKGKHcRMKOKCgOGKncio4YYbozJjiplEGwp4oumGIJ6QMNUU/o9QQx1mbOzIqvPk8tMK6SSNrFP0jpHnHJ8M0xkkkmyQ6Uxlg5aQmr1I+r+T9G/8ArMtZezJAo4asnltKG8h4w1Nhxnr5HkP/ADkPc6o+h7mHsrZkVAsVCTjIizGmqBukU2JGcR5yyIYA5RBiQ9yUZT1JPSKbDDejtaOzKpUtlctkCckcDLSiIsyzoeolpVTlp16kb4yGIHe8i4p1x6ipJHX7h3Bex9ne10Uu/UHrpkTUkjS4enlo1OPTjDDDazTD9JIxBHKMRiG7JU4zbZUhBBS5KnBObfNtZmX6MMT4sS0MO54InSqcGPpYOAkZAos5k5RuoIzKWkk+TDEjEk+rtFIY5xGRMpDNJZOBViCCcNMal/f398apGyDuyb1R7u1G0XQvWBm7UbRdC9YGbtRtF0L1gZu1G0XQvWBm7UbRdC9YGbtRtF0L1gZu1W0G63NONe+UjN2o2i6F6wM3ajaLoXrAzQ2RtB0cb0kZptHZ+y0Ki9pbSS1G5/2bLSKmZE+LDjYYjEdJIw/jIzWsnUNorQTScpD3IphOGGJ5MMMMMMMN6MMNxOxgoForK2bgkk4lteHJBhplLSScSMSNU1OGxJI1STq+GxOsNFZG0DuTjekjN2o2i6F6wM3ajaLoXrAzdqNouhesDN2o2i6F6wM3ajaLoXrAzRWVtBDdwxDjd28ZGbtRtF0L1gZu1G0XQvWBm7UbRdC9YGY6TpSdCqtBPJJJ0vGScT5uPh6knxYapbsmWqk1pD5eLIqjNcnHJGqScNnEkkgepJptZGHw41NU4nxcbgydKpwY+lg4GKGGL4MbXKfNNcp801ynzTXKfNNcp801ynzTQppXkfc9sR/0c1ynzTXKfNNCmlD83xa5T5prlPmmuU+aa5T5prlPmmuU+aaJNLdJ9z2psv8Afvtcp801ynzTXKfNcKTpVODH0sHEHaSPzf8ASOPxffQbcnJ4gTpVODH0sHEHaSPzf9I4/F99BtycniBOlU4MfSwcPuty0KiV5H3TbEf9XcfiUg3SfdNqf/qzooYvvOHJ0qnBj6WDh4od18FoUe63XHyE8ivwfnWghu4U4eHJ0qnBj6WDiEScEUW6bcO2IIbcO2IIbcO2IIbcO2IIbcO2IIbcO2IIbcO2IIbcO2IIbcO2IIbcO2IIbcO2IIbcO2IIbcO2IIbcO2IIbcO2IIaGCGKH9oJbcO2IIbcO2IIbcO2IIbcO2IIbcO2IIbcO2IIbcO2IIbcO2IIbcO2IIbcO2IIbcO2IIbcO2IIbcO2IIbcO2IIa7h++4gTpVODH0sH8AO+8g4+TpVODH0sHH4ooIfvlGTUhihT3KnHydKpwY+lg45EtBC17C17CxEUKkLDvhTh3UTXsLXsLXsLXsLQxbrjROlU4MfSwcaksjKnhVwhokdZJ6N+0snYqQj/APM7r5R7NTZG7ULFv/wDszL2lu06xXg9ImPtDdp1ivB6RMfaG7TrFeD0iY+0t2nWK8HpEx9pbtOsV4PSJj7Q3adYrwekTH2hu1Cxf0esTH2l7LWDs4VFuQyLlXyn2mpa0Fnz7Nrpwr91FW1Yn2lk1LzjJOlU4MfSwcZlctXmx44AulW9WG5SS0rlYspFTFFT0PrLRS1CKJSJs2IfS2bEPpZZez46iiJE3lqKiOsjkzEYYn0eoYYeWGp3gZYxaerPIGIHJHqPNuv8AM2bEPpZYMAe7vyBkb4mmHqcNUk9GG6ST4u2bEPpbNiH0tDLUIYk4mmkrGnAagRid8ks00lJUhmhEuK+Z1YnpI3JyeMk6VTgx9LBxnsYhwrFTQqLSojDD+k1NT9mGa5a5a5a5aBaWITu1EJ9k5lPlM5ayLJB5lTYYbDVBGrsZNszyQAyR2fzdWToeW5kmMtdLSSajxcbVySHDDUxJNT5MwtoJiCvPA7Sjy1FSTy7PdRLamnJG6NicTU1OG8p9ZPKtAYTY+OcS+XBCmWklhMvuCSKkUa4Xw0yqN6piHJHXqB+9TkVA478O1y1y1y1y3ZUBhTXkZkKfdVqkb0amJG+0k8ZJ0qnBj6WDjPYvmiQNoKBdTuU4GpvOBsSN6TiRvKSRmpPyGpPyGpPyGpPyGhs3bmXTOdlSPtTVBm8xzl8ZZ7eQNh6fkw7h/tLFWbtVOBZZBOe1xEqXWklsy+Lc5U+bRsjydYHJJqPVn9IY6x0Uyn0zMKps2TGyfa5Tcpqc5EE1OrU2rEYcmpqajJhmTsXbFZazcEzmklMAs3OhSR6ccocmZS0WpxEyw5I2chxqYYcYfKNiSXkkkk4kmk/Iak/Iak/Iak/IbspTJIy0CYCCl8lJxqYn+UicST6MNTDeU1PGSdKpwY+lg4ympEjEmqkpcqo6sS3Y57IQtqok5NNsHPqbDE8mmVN0boxPKabzkbow2bWza2bWza2bWza2bWza2bWza3ZGt4LZGHNcupjJ8sN5tLfGSfGejDeck4amqVllSFVF11L5VbEkkk8pJ4yTpVODH0sHGoYooYt1C0j7M1uZGlcRzAacJI6sNOxqn1kYgaZE+ckkN++Dtv8Aiqyf83Tr/Mjfvg7b/iqyf83Tr/Mjfvg7b/iqyf8AN06/zI374O2/4qsn/N06/wAyN++Dtv8Aiqyf83Tr/Mjfvg7b/iqyf83Tr/Mjfvg7b/iqyf8AN06/zI374O2/4qsn/N06/wAyNPOzNbmcpXEJg0nS5TmQam9ZJJJmQ3mxIzRRRKRKRRKXyq3GidKpwY+lg/h8nSqcGPpYP4fJ0qnBj6WD+HytKpwcEV3Fu3NVK+Dq97VSvg6ve1Ur4Or3tVK+Dq97VSvg6ve1Ur4Or3tVK+Dq97VSvg6ve1Ur4Or3tVK+Dq97VSvg6ve1Ur4Or3tVK+Dq97VSvg6ve1Ur4Or3tVK+Dq97VSvg6ve1Ur4Or3tVK+Dq97VSvg6ve1Ur4Or3tVK+Dq97VSvg6ve1Ur4Or3tVK+Dq97VSvg6ve1Ur4Or3tVK+Dq97VSvg6ve1Ur4Or3tVK+Dq97VSvg6ve1Ur4Or3tVK+Dq97VSvg6ve1Ur4Or3tVK+Dq97VSvg6ve1Ur4Or3tVK+Dq97VSvg6ve1Ur4Or3tVK+Dq97VSvg6ve1Ur4Or3tVK+Dq97VSvg6ve1Ur4Or3tVK+Dq97VSvg6ve1Ur4Or3tVK+Dq97VSvg6ve1Ur4Or3tVK+Dq97VSvg6ve1Ur4Or3tVK+Dq97VSvg6ve1Ur4Or3tVK+Dq97VSvg6veyikake6i/8AOT//xABfEQABAQQEBgsLBQwHBwQDAAAEAwABAhQFERITISQzNFPwFSMwMUBBRFRxkcEGIjJRYWR0hJS01BBDpMTRFiU1UFJVc4GClaG1QkVjdbHV4SBWZXB2k+Q2N4PxhaWz/9oACAECAQE/Af8AnGu+KFKOKFpgj8tphXSa9bTCuk162mFdJr1tMK6TXraYV0mvW0wrpNetphXSa9bTCuk162mFdJr1tMK6TXraYV0mvW0wrpNetphXSa9bTCuk162mFdJr1tMK6TXraYV0mvW0wrpNetphXSa9bTCuk162mFdJr1tMK6TXraYV0mvW0wrpNetphXSa9bTCuk162mFdJr1tMK6TXraYV0mvW0wrpNetphXSa9bTCuk162mFdJr1tMK6TXraYV0mvW0wrpNetphXSa9bTCuk162mFdJr1tMK6TXraYV0mvW0wrpNetphXSa9bTCuk162mFdJr1tMK6TXraYV0mvW0wrpNetphXSa9bTCuk162mFdJr1tMK6TXraYV0mvW0wrpNetphXSa9bTCuk162mFdJr1tMK6TXraYV0mvW0wrpNetphXSa9bDPjiSgii3MrIKdHb+Pw8gnrx7mVkFOjt/H4eQT149zKyCnR28FTfCuuoLBhVSHcv/wDA+sZzShH5H8WTo8pa3CknkRySOTZsMMQST9GHaj0VaUjTgo9O/VWIfR1Wb4w4iWePUTLco9W3IVOM4yRF24rF8W9IIJHHznF8YIFJ6ONlE4kVVElcqji/+3ZycWmliRvRicZGJ9GJGxkbgoeQT149zKyCnR28Fo/8PEf3IN7yS1KxyRdwn4EtRxNZFfKaOGJId0OIIqd5GRpRceKOKGAfbRSRfaRyRyOU83IbuDzwL/qsn+dxMsskhDaV+jYwQTi0zLDjj4wQTLDZuOMSQSwwCq8ablonBbe9Gsl9bhqlrm/xSbfcPqcs5w7plyL3Wh4SKx3HDr0ePMLp7VLEk4vLEzMsPMS/NpnN8WzkaYHmZZnUaq8Mg+FQZZJGXrxh8xLEzOM170sPi45BPOCBucsMnGWoRDBA6tFyL7+vaJhZ1cQ9Xm0Mu8ivfv0HOwzDn0qnHQ5CghG2qokjDYvjA5EySMMMSOS+WmBiJkYkYl/JiZllqNXREgLijGu1SZYbnBJMvME+zVDzPpIzCwRld+mntVVczyYnfdi/Kd/GJmWliB6pckjfaOjSoEFCXbamlnEvyeZ5SQNzaYxeZzYYh4w5MsQUNM9y3/qyP0bub/mVNstaMPPiQTxaaJc4jkxOMk5u9+3kVYKyXjuGIrrGJIdWxAZAsKCkWSWzckbNvOBvSRuUjP8ANic2JGJJRxhVRJHb7nOSMEuOS98w4Zdz31xEkjkuIqhrfLPxlwziB3kwUYQreQpVLKVVjDOiXeSS6vNhqkM6w72+Tm42MOHHIerC5cQetzlTCHjjV+QUorGekYYlzvK0qrfqoO+Yl8Z5K9xCN9Lw/lEjIE1EucNccneRMVvZaiq6TJCKeMYNRtYxLnYR6SIpCjqMpKjipfeJE2NpJ+L0gOOSOQvjIziEHS9LoRUmqZSA+0pUdQ1CuJmM4xYehaEIeNgId3xJDyXccs5+BxGL8FDyCevHuZWQU6O3gtH/AIeI/uQb3kljYoEV3wGYVJcV+MOv8XIGHJHw4e9lnjudU/aHOcg9znuqZRajYqJLTgcPshsjRpA+LYxLDC0zMYxcP5SRR2LcpfcP5O3cHngX/VZP87iagaOUpGmlIoXbc54lC0cPxDkEy5BC3irJmKOHw1y7hcWszBNqnCISiiUA1ZQYV9xR8tixD0BicWJJI3iSSM5JmZkbk0tsbL0a3cwRHTVFmIlQbYtR9OTLt52yXc5sjWUK6/qdMk0aQMPf4zsbSJI1TiCG7hnOWBI7nnu2xw1JdziA0vW/F6iO5NB/FekPHoRxBLrKDooiLT0HX1xR0UKNE0tTamAFKkh0CF63OtLPIGoN9eF6EMvKkUivWu5z6No4kp77+oZ9PowFF9zBVlyjjB3zKFl9Ux3ODS2CHxjjfc3SK5HEUU7vnZB3dqtEgMHQyUdyok+jqNJIFqcQNSNOUmMOSQ5+86kaNHJGGd4iKOwtSMEIFE0ZCkm5FSkZhd1X5tFIGGGHGfgl8Zo6kq5VziHoOHHmJeZGJoykFaMjUVzzGJkaZJxaXIr2Ro4jlJNHEVk4vMDywxBA1crLij0GnErTtIDp+ErR9BooO8b1qQp2z/GKpu6BR6xJgoarxERHkD0cQO94y9YpBDhiSF94gkhfbyJjedi0tsbLDDUcXFSfcINSKrqlDCO5ykXebupChqUXIqwvqcRUhXv98OhhaiI4QxixhU5tVYgmWJ5uQSSSRSTycXlpjko1Utsd6VLS1GvpOj6ZIiVjXFVRho0scYgiGIly74XkoUkKNaIlqPIheMig4iXvyhSCURnIL35NPpQId1YyECd0ih3S0yOO7yDUd3RtSsaYo9GpoQPmlxySiCPFjJA44zq60HDy40w/aHlPmML5aXrgJXKp+IpdS9WpIakqRpCrFpgp5NG4yQONiziZfF/Nh3OHGxdu6KJ6BtwOpcpK0JQkwMhtA5EzRtGkETI/KdvqI9Ixh2McFDyCevHuZWQU6O3gtH/h4j+5BveSW7oPwj/+OoT+SUb8ncHngX/VZP8AO4mEMjow5dVdZyQKwyBM1VLoUcTR7l5gggivFxiBnDWSHVDjPo98w8eZGc1NIvLXUNo7aVC335A5ObjkkL1kyzh85HdnI4xEvVgo6ZxfZEkBFLuco1RHBNK0eSMMMQ50wUtTQ1VI0kUhZhe9AkakiCXFYvM0iUgSNfoDmXAS76O7oB1YI7nZceXwPe774UdM0jR7hqn70Qr6SXf5BhsO/XTo4qnc06h8jswvSEz4paW2OFe6pzh8K5NM4X1vfVW3csRBSw9CG0kmirCiMRSFIjbfC9CXGRK7oqPHdnI6y8VFSr6riYIFFhJidLQS9MTNKQmK28fWJ2SHIJzbZEYnZIYkkfBi0yMNMjufmzTaFLUSPDBG+9EeQQLg4yJaao4nfeNLxDzDno5EqZHXHImb8WhaPcnEWZS0vIpS0xv5sMRMjjjk1TGzNJS73YtLPuHPHI+9gtI0jH3NRWu69WKFO5wdzn8yppqR/CNIekke8t3Mf+2FF+jdxH8jplu5QiF3cinRl49Ok0RqOGIIHd/WNGjxD0jRxFT0V3C0guvNxEIPXHIuKPJcMWMQOUOGAqGaoSVGgkpSQ9xR41p9l4tGEEXxCK67hnkVxFjuI2jFsA7yF+Puogig7sU4Yv8Aeym/5bTbU9lQP7uQ+tMPFCnSwkUUd1fDUkMP5wR97SJd3jfLDkkcebkvq42pQaOlYiD0Nq2OoWjZkcl9eGjtjqFxaL+lf4sTWRLy9a4+My48xwQPIJ68e5lZBTo7eCwusxXkGUzaZ/j/AI4f1MooqtFaUUvlfOPNsWH9mGxb5B1IxY7YqsnUQ8h0ti1RD8ZeQ6W5Q8l7yXkO8fyDKqhRpxiKPCekQ8gaVxbGHr37yMW5Q9d7yHkca9ZD/kswxRJxXe2o5t5tyfFvViSRvWWiUiUu7Sl9csjFGOkokhtKS0w8kYbFhqyCHkEP6SCHvII84e8jj+SF1mK8hymbTP66/wDGp/S5olIlO9jUZGKMdS/Q2kl8s55A2LEvln1jOmeOWeQRLV5tMNFFEpEpFEpfKrMlHGgKkEgq9IBCXc4YfFxnS9Y47nDZti45Txx+bPe/xtDFdxWoNpd4vH+plooiF0yl1L0pHlJOME5tLZznOb4v6MyykRCqa66l6qjm5JOMEDS40sPLkebjYt6Ni2bMoqqtd3kd7ctGnDHDZUgvU2mF7McMwTdK5xjOcOzmr2gbgoeQT149zKyCnR2/j8PIJ68e5lZBTo7fx+HkE9ePcysgp0dvC7xJPwlGhMDh1H+IadA0fu3xLToGj92+JadA0fu3xLToGj92+JadA0fu3xLToGj92+JadD0fu3xLJkBqfOXLLIWfBaJ1nhIeQT149zKyCnR28KIMtd6k21ReE1SDVINUg1SDVINUg1SDVINtUPgsDSUSO1K5JiE4bNqHhIeQT149zKyCnR28JMWu0P0zWuhrXQ1roYIaEtRSGJR12iNMkXD5givilx6n4xXxuc/oJzZo4gVEL0ZQi8xfOZfGRsOby9fFUR6PXxPwGAqhrjoXd6qsMN7STMzI3qzLDkDwXq6dylr/AKsPR66y46USdykZyn1aZmfZsZZWCIddRCL5n3eZJlyMD6sZ42tdDWuhrXQ1GkXwaiUfzPCQ8gnrx7mVkFOjt4TSfepQRNba21tgElV4l5WN6JSI5BIwzsWJJ5wOMTMjYzLzPm8tMzLhxmJXLXCLWNGciqkNMjEkDvGXmJiFw4+CXxdddapw8tiz9vrdcPaNCNamqIgvF0ElaFoOonjvxxSCSR0COIm4tO9YZRzoKDpB8IhAaTyKNqmH1kEy5OcED4JeWcT4pcnfxiWJcyilqnaDg827nPdx39rLviTJLgVTuVJikSPViKRIlifWeTNba21tqJiiuiItNwkPIJ68e5lZBTo7eErIwrJKJRfPMRCqOqokrlUWvmvmhWih76FlTSV8suQr6QTMfraIxd8KCURBN0JhHxnN34w7F+b4CCPaCGUNJUt3pBC17i5GMZwPzchlCFVI7Sql9yb1YbNhvVmWKVIVv11L5XnJOMk+0esktfNfMi5UhVNJLKrMijCOkmlDwkPIJ68e5lZBTo7eFHApHJ2YtpV5MSy1Bnp5KWW9ZlveW2Fpbm/0qjPiW2Fpbm/0qjPiW2Fpbm/0qjPiW2Fpbm/0qjPiW2Fpfm/0mjfiW2Fpbm/0qjPiW2Fpbm/0qjPiW2Fpbm/0qjPiWRoM9TKyyPrMz7s1H0ekDDlL5VblPCg8gnrx7mVkFOjt/ECnhqcPDyCevHuZWQU6O38QKeGpw8PIJ68e5lZBTo7eHjopLXkMbFIpJ/pVuHh5BPXj3MrIKdHbwzvYfCUaGV/pENULzhk1BU47UK7KKCqRWol2qF5w1QvOGqF5w1QvOGqF5wyiMMMNqHhIeQT149zKyCnR28MhivIu+UazBpGswaRrMGkazBpGswaRrMGkazBpGswaRooYIfBUZOKyGnDwkPIJ68e5lZBTo7eFlKXaX6ZrXlaFwaaaES8zeqzGbS/JyUO0h3j497BWQklCgmUhHtaxMvjOcTGc77KJqpwJxqpkopKtCiupDahQJWS9GZFypENpBO9S82xlik4UYh7pTLUaOT7S1prTDw3yqaTKRWouEh5BPXj3MrIKdHbwsxa0rZ0LWmiMcghR6cuMte7Ivxgd5D8XJHzfyYx+vCyMUKxlGLOzBYmscdzsI1Iyz5a/33k35PKNoHlqpoZDGWhiidAVMD0ium4Yh5E0SPL4cC+/LIOePnA0vv4XZsw0BMBgkKqhKz0nDV1Vj0fUOOOVVoChpesarFiCX7zRTMMKknM3WyVJTEvv8nls3wy9Uz28mal4opsavw9jRr+rev8AGZiqrimGtNaajYcovwoPIJ68e5lZBTo7eFKKXMKiuha01polI4ru18y15FDColebUsyhC60N2quSsn6TzeqX9nqc00vYuZgm69JaElaGKNSBci8VqmHTGceKYaJSKK7tKZHFvVubNaa0wqdyLB/bYzwoPIJ68e5lZBTo7eFUkpZQTh02vwzWulrXSw1ImRAnxTGaDDOHxcfF6l0R3V77n4u/eiqdh8boWhijPUjXLXukkh3YzL/9geXH8RBFeHfGmCOTs4C2UAkkvfDUiRLjEurqmNomJhB9TprGJl4te3jYzxue94A7k3Lw0hiyT/viTLZvge/Fhs4ImSHS40vnJMtL8olnUZbJHRRIvUixyiRyX8ocMOTi7+LOBrjfwO8rLCJOQjXEMnExHjuIqGl84rHdLvJc6/Geu6ua5vLL75Lq7XSwqcwuOlpmUitRcKDyCevHuZWQU6O3hRy18UpokcW+J+kta6GtdDCkJph0mlEptiw48v8A98cj/Grjd+vDC+jDpeYQv5R60vURLvIxobzd2F0w8kgeviJluTTLPpBKIyiHKGRkpiUgOSQTL3CMLxiHuxYdEeNd8UtfzFdqGvIebQrJ7E0mLebYsTQhI/qxEyT7M9qOWRWXo5N0eRo6mRiem4pol30cloVQxhFIBVptQsYfk7hpcaYFJlyOckYsONi9Q+KkeMaq10NQ6OcFRejDfWeFh5BPXj3MrIKdHbwkpeVHIIi+Z1G+ktDDFZazG1mNrMbWY2sxtZjZBVYZW9QjulKyB8PjIHl1+ochz+nCzk7MNmFo4ruG1EwLokwh0ovSfacZ4WHkE9ePcysgp0dvCSh4SUFEFcksydAxQ97DShPs3/ktsIr+eCf3YN8S2wiv54J/dg3xLbCK/ngn92DfEtsIr+eCf3YN8S2wiv54J/dg3xLRUGrD/W5P7tH+JbYRX88E/uwb4lthFfzwT+7BviWRoNJNW9XIJMufVhvrPDA8gnrx7mVkFOjt/ECnhqcPDyCevHuZWQU6O38QKeGpw8PIJ68e5lZBTo7eHh2YorMSfExkSUPewwcPDyCevHuZWQU6O3h7u975k0YVttvL5lkYk+HB5BPXj3MrIKdHbw5RSFGG3GyhES3hKMiYoPHaSjYUpI5Lvsqywt330PDQ8gnrx7mVkFOjt4asVAj3sO3KsopEpFaiU+VNZVOJOKFRg6WSWu0l8qywtrvoWihih72LhYeQT149zKyCnR28DRgVVKDDSTvlTCZYb0iWJJGmfSSRhqNG/wCJEjDZtjI0NqMwAFNO+JpEgajRhsWxgkn0hw444ww0yQQSRycfnMsMyyd2qonCpfXXKRs2J84GmZYn/bIM/opNAILGlGpshhSHGIIxYjF5jC+rx1L1odDnstCknFZSIvkvR5f/AGQaUiR2pfbkmiTSIhtQsonGnF33yFLwhikFK5IMYkkn1YaZY+CKjoFI1/mRpnFubS0xi2bejeksUKoHGhAo/Kj0dSNbuMakaOHpEerziXIxjzjgweQT149zKyCnR28DWRhISUSiyS3qxPqxPJiebE8mYQxUmhnU2vUrTtLkUl3N0jSPGTR/c2RKveOgO96A5NOEEOKpJcd8wu8dAdcgh0RLiEU3o0cGpBZo4kvZMjZKpxJJFxTNIij3GCXHHo1w8uINLd6TMlL36BAo45RAbzQyH8ro2jhqRIo6jSJajqRHJlqRePRuHDTeLUjVMy1GvHl5nGCGMhiUGAXmBjEpckbZIaXmCSaNpEkYnZGXxfZIffJGHxcYaWGwb3yqKQIwW42WKiW/RNa6GGzGkv0A38wQYN40CBai8a6SqTxHuchVMS67yIiKv7BxMIyC/ieRcfPskoksZQESUBP4RGxkjfJGmM3ma8Ylyd71nCziiH0SevebYiVRo45NdRI2yJDxiJYjk+L5vCNgH3x5erCK+JUmi4nwXqitDHv9JsoUyPjNfQw6y64NIRLx3qSQw75gjBLEvKGrHq5NtDycW8Y8tydrXQwpy4sXeqbVzZhyEKQStwsQldxNTn4Epj+7aS92JallIloaUoJXllHEk9zZHNqSHoWYpuhJnBi9NjDbI0aNUR9+hiRsGyLUjFC8y1EPfyXcp3AS3mxFI0K+ZJqwumBxqOlx3P5NSJHORpcYpSkKIPjJdeFUP3R7CD0lLjjupOjiKEGpG4IuBxx1yaFJIlhyMvcEDjr1S48LuCB5BPXj3MrIKdHbwCFO1BbvLnX/AFa7g/L95+Fa7g/L95+Fa7g/L95+FZGGEcAejoY9qRpGkqS5TMzNNkzBLs2zeZzb6TMsg56UCg8ag5gFUw6jSZkmjXEE4aSIdi8w7ZKtAYnGanvHHl5cmYmVlYliZmIgbNhqNlsZl5YbNhpaW/q3GZb0gnlBJBL1lr5IdGFw6Iog0sMMOOSOMNMEEEEEZu/GCCCCCCCK84I5uMMMNdwfl+8/CsptcEcd5fMsREtFaia15WteVoSFU0lEoVNqWzn3lkCVBlLxGO6U8T/8HuaI4qIpA2JTGkn1j+b+rZt8Q6pxGB1TX0VwoLebUtLEkerYyMwNIXK6cS+2pIj0iON6wOR9ZJaM0klJCEle+uvsqq/tyMGXIqIrrfvlPrteVrXlYcpUVW9SUZ68xCnFG9yHTX/qxQaRYpAqq+1GDEjE5xykaW5u1IpQ0nCpCupc5vm0xi5NHS0uQO4kYl0wOSOOQO7emPIxRi5ZkBkRFyqkMNRxI6E1LE0cMMMPLEzAxNaExR1H0hWPLumR0H1y9+gSuveIIDIyoYobyJYUUcoYaYKl5kl1deMUgSNMEkPfXhdLXA1wO67g/L95+Fa7g/L95+Fa7g/L95+Fa7g/L95+Fa6721ArX46q+jjc7gAeQT149zKyCnR28Afk4PWPq25GA/OoJ+rNastaZw0cDnvXjHEq4iKpp/kcMg8gjzgasdziWfFC6KOF2BOYIl3c4HmcXI83mBsZl+TMJcGKwDoUde0anLjLkYJl0whUQU4iYrHzdchAYd7yHvHxYiYKc5kjRx0E4UhB1ilc5IJHmMW5MOPU/DzmY3uTYeSkxhAkqxPFxrY8cl1HEOxcWkCcu4muvNh8Gx/iI3hnsa5N4cC6qA4h0yhLDDVYxRpI6+MS2B4zt8lxOGZxeXzdeZtNatMGD86un6tuSfgR68pF4AHkE9ePcysgp0dvAH5OD1j6tuZgMJUNqHaVdc5ZSGJOKxEncqskcpAncKpjmJ4xLDEDvxeYe55EuRnA+9zmWqe8jOIns98L4o4odqTmCJd/NxpjFx/OJcfF5nlDJjBwLoGDUkMiMjLkVb9IjkD4wRi74YXElIfML/PcnQe7viRk4YYIjxzKOROLJJJHmSHfe4aYJc4l4+MzFIuzejpjFxh6qSxle4FQJSllLN+OZe1kTI5DyN5/KCX8o43P43NSisS1LUoqqoMsqsTnI/4NzYb8G+bfWJlk4YlIrMKd8qwYMI8NqLK7mn4EevKReAB5BPXj3MrIKdHbwB+Tg9Y+rbosKgRDtqbGhqhx6ZLnLWmtNaa0wYqpilmHJcpJYcVAeHak90T8CPXlIvAA8gnrx7mVkFOjt4A/JwesfVt1UThUhUhVTvkmpCiYh7xdDbkvpIzXmur2vNdXtR9EqkXaq+0i/SSWgThRhTSSTuUt1T8CPXlIvAA8gnrx7mVkFOjt4A/JwesfVt3pCg4Vor0PaVebcm9W5s1H0DcxXpm3K825N6zu6fgR68pF4AHkE9ePcysgp0dvAH5OD1j6tw9PwI9eUi8ADyCevHuZWQU6O3drPQ0Ph98m0SSDkq7vavt/+vks9DWehrPQ1noaz0NZ6ODWehrPQw6SCiVpye+7Dv4ePsc9lLNpSyntTWehrPQ1noaz0NZ6Gs9G4h5BPXj3MrIKdHbukKyEPhKNCYLD/QJ16mnQtGVr+006Foytf2m2QFs2Lslp0LRla/tNOhaMrX9pp0LRla/tNOhaMrX9pp0LRla/tNOh6MnX9bJlBqd7kWWTsxcDtJQ+Eo0JQsPzZLToWjK1/aadC0ZWv7TQ0gLD4MBPV/q06Foytf2mnQtGVr+006Foytf2mnQtGVr+006Foytf2mnQ9GTr+toTA4mWThs24dwDyCevHuZWQU6O3cyIrKTJxQ/0mvEmvEmvEmvEmvEmvEmvEmvEmvEmvEmhitKp2WIitRcCifZhttDFDa75rxJrxJrxJrxJrxJrxJrxJrxJrxJrxJlIof6LRP2geHzbcA8gnrx7mVkFOjt3MxTvrOhatq2iiFRQDtB3yqw0znJPOSBvqzLDW1aPloPwkOQQMO/k7x8WIw7zx/Jv1v8AK4YdRONNEu0ntiS9HDzEw/Fpm/xe43iJivL76G+7wYmXCLGhjUXQckklXMeWrFn9T3VP/sNvyGBiUIhkQ44uVjvd7yQP1Dy5D/Lg33Patq2ratgYbxe1ocZaJ9rgRSllKzpmrath7iEUghQe+uSRhsJEvnMz0c2ZRNIgWMkVO5VRJGGl5jOdkiJcaviznszjk6YyqaqcCo989YdckcaZl8gPMTPkl8XIuH4HZu/eew4hJCaaiUF8mtyjBxVVv6HXDq+lk0LQK5mHaiZbyYtnNY+cOJGxbxfDVtW1bVsnDeRJww/PMpF324B5BPXj3MrIKdHbuVqz38TKKXkSkTVtWyhVyLR8EuMrixGcjf8AEqRaJdQhUhWON34OpFD0dCGjV6kB/K6p2HyNDF96z/7wob/E9l32je6byC0y7qJYqLE6LV+aliR/WZmkSZf2fGGratq2rYGG7FUV03AzFLStnQtW1bCrXIBkd2MtjNG5z6PSTQlKLkBJ3d0mgQOQ4cfF0Jh9VZFe/Vgd01OaiooojyIovHTXu9IsCpFNUH/Yj0b/ADIhosA9OWcF1SLifVx9kZgj1eZatq2ratqNTtKqK6HcQ8gnrx7mVkFOjt3IxS7Q/TNaa01iPR+bes839JaJOOHvok2tNvtaa01prTWmh76KxCykNiFNKH5ngUSl3CoroWtWmtNFDEn4Sdy1mKza+ab+ja42tNaa01prTWmtMGnchp/22M7iHkE9ePcysgp0du5UhFaVs6H5QyoiDKPQi/3k2S9oJlpb1cf2lhoVICS41DHUgn984nUcORMkLPdM4vLrvqxavii2hw78NVb2CChkxlyYF1r17rjY7GMCFxUSQTze04gaWfjG+Q7F2cg8SGnxY1L77yPIwYZhBdej8Zl8EthcS6X4nj+NnAjRqSN4Sifm2MZtMc35z5v6RjObvYcUdaMe0pcpS9Ik0lVyYmjpmZG+jDe0tGJdQUvf1X1HES4+HnBNSEx46qPHmOLnGb4PlotO8Kt6HGWiitRcCpCKyknDpvlNMiP72xdP2SfSVb+cRUeNR73dDpYhzvIu7jGY9RzoC6PgwpUQKNU/zgfDSNT+a/fEgn1aXxdoZbYsWMlQm7SpA90uO5zyCPveAPyipEYdB2ME2u9dU4eF00QlXIJJLmPJXfKiDDEzA+B5A5Oby/NpjGZd5Fdbhq17Tqq0hBVCAHOjIkaSIJo51cvMD0jK4sNXVU7vpcjBae4W/e/fc5hxllko+8dNJED0c7D/AFiSTLS/0ciW9WZ9FoxLSqWyN5msyQPXRxP1gcfk0wTvZzW8ZrXyIp3yqaWmZaLvrMO4h5BPXj3MrIKdHbuSy18qoq1bVsGRAOYGvFkkSRifZiWTKo0ch5iCZKxMzMumJd48xMTOG4w79euFhj4XoQIFKEIvRmXwk0cu4dy8RJES5KBA2B+XiKXQIdEuQO7FXVYa3mwxbLWnk43R2xw/Ka3X6BFRJJD/ADcjxy0xvcpc6kA4V06RuyFj855PLTHOec+cfR82wNATDCGWlgmTJnGOTS1JEjE0j0TEti2DlDHmQGOHdCk5J7qyKQfVhIpBAYWjnr14d9BxHidMEQuq71z2ratqLTspEL6bFuB0gtaIutC1bVsCQmKvMKwX1zjI3pHJ5jzflLIUuU5VOaUvhd8geXGxgflLQLgy8Aq0BN2kRSC4y47xr54xCAzx31E5d9Q8Uw+HfxZdEiJzlx130ikQqvCSPixY9HD4vnA49HLvcNL84lqyc4zjrrJKSiRHGGmERxCSCHzGcTJI0tM4vv4vx4N7qJpO2sgsNC9O5I2RIdgxikpccfFquT4uQvLPzghd3jie+OkRn244Y6RvFZkmXeVi/G+Xv6piXrc7k+L4UM2dhtPatqLTvCrWhxlou+3EPIJ68e5lZBTo7dxOWuRVP7bFtfVvkGShXiUvF7pNEcgggmXmMXHwa/wrfgZUcJNNSJKkL1Xm8sQNM9JLKIrpw2lUyUUvRmjRVRu71O6vs2meUNCkvEnfQoEXdVcxL4vgq5R5K3fw8bJjFRw2oRyVk/RyWelUgupE+5UEIHHlpcjlExnBHJ3YcXHJzjBLb7RoLpQRxqIEJJJOuCJgfN18G0fp8LsO9hd43MmOupDaSHJWSzbNmHBvoA7ZFyqZTewno+LTMz7zi3m7Kd7EpDDt1ySSN6RjP1lk05dAdDQ8CiihThtRZJFolIlIlFY/nmRhvFU0tMzxqOc+OGKk6rqYHw0aRW6XdLk11Pe7Bx1Pf5K2hRXihUVgTJu0eUy3JsZxn6M1yrdTF3tXOeTe0+sjMiiqteQoJ31zzbGWSSWW2xFAhR3jHHmGSEieumgRMh4uQRm5BObjkkZt9Y5PnBDIjlLQJxwjk7aNM5tMeb+8YuyScRGQTvvRsZZMWKKEyNXaZOjiKSxnlIw+uc+bMYPAKqmlCpe3wwxPo0yPMy3qzUWnYFUU03uw25B5BPXj3MrIKdHbuNKLWl00tD9Z+QJS6gpBWzeXNHUiTLkZuTtG8T5tF4P62XMv4LuSGR8o47x39dbDKxK90L0F1dqRJfEOPFE+Wmdj3xDS6D95dcne4l1yKnZwy5KaoVIpffFZSy51dIy7x6OKdWSMQS8d+LucRnA+EeXe/FsWGlySRR6SenDsiqmlLuHQGl30eSK5B8vCMhac8gYhC1UTnC3OM2YOKMVKZXIJRARJJGo6jpgkaZxgmWG82GH/AKxJ5zMjDVk4yMorEvRVLrqudeK0hQq5H/7De8mDF3dHiYxeMmke65BSN6yKI1IoOGfm9b3DePee9z3ufx1Pe0KxCZlAIIKYisNRu9m5C5RBGyXpEvhmcL5bzZjM8N9JJ95Jaj0b4weHQ4z7N/5LKRVxcCpRa7QutN8g2cj+kje8sQfbULSk6NhfM0gPMQj4xgKIQv69O+q/f418DLrqwBgIwqXSSw1JOI3sYxnDMYK8OMf98hiCkEKRu4NkVrpAdyA41wvRxNGuQe4aWH5QOuPXUS7b38RLrgZ7nRjDUWH39IpJrE0j+DpfATMuHQGI84Ho2XxbNsC5HN3tHMLUgYqlGRRosqMTSK67pWogVxG3kjjb8wPXKoVQ7fMOe4YbC8AhxdLOUc5ZySNH0gMO4klxK8vsdSFUwTVVNEVOJIfVhftFUuMMwhK6afcYi5S6SVR2+t2W++7nbf1v2h2HC+GvBUy0SggB8Qar0lVe6MnZKXfm4zpkgd73/MTJMx6Vm7U1EpEuJGplH0bRt/8Ap6iJn+Nf6mhhii72HKrNFDCnCmlD8zuQeQT149zKyCnR27jEpGREovF881TQxRQwqQw/PDyxPoxLVNeK3t/ebbnMyyxhREF0uRfJNCedCnYhLIu/GyJ5iKaaKS9ymlgHH8jt79TKKrqX9qPOyBiCPOCB8WH9nqaIheJVdWJTbTM585mWGpMdAdB2M3qXJhiPvcQ93HjVZAzyOUDjufhdMjuxmWaKKKOJRSLAosSST7STMtQ6d2kQvFlVsWG9GG/8n3bgdJLRLGKQ/NI4t9ZJapoYooYrULRWoolIovnsZ9paKKOKxDF81m7QmnQp2ICyLvxzGHrYcooWGyORcpc2aA0xG+USXIrUfWu/jXeO57h3u8WB73dD3u42iMMUVgIiI21KZHH8o5GLEe0NCsrDJ2VMzzbzfGZn3lgTU0b+/mElFsYeQOR0bQQOTi2B1ZMxnKGDC5xG0GlRmFTHzcsMOP6OM4jGSMGcEzOM14feCKLRvDbUWSRxn1nk2vmzRPtbkHkE9ePcysgp0du4LQxRJKQQ5WWJaEqXu0ihyUVfR22QC0jbIBaRtkAtI2yAWkbZALSNsgFpGnRdJ9GbZALSNsgFpG2QC0jIxFGd6KGT6STmzCoy6CaESmR4GaoqKUZfjk3SxOLEtsgHpW2QC0jbIBaRtkAtI2yAWkbZALSNOi6T6M2yAWkbZALSNsgFpGTKmIrIo5K3qzUaKuOkpEvlVvo+5h5BPXj3MrIKdHbuMMUcPgqNfq6R7X6uke1+rpHtfq6R7X6uke1+rpHtEurdJ7bzj+EvV/o1+rpHtfq6R7X6ukfwWGKw1+rpHtfq6R7X6uke1+rpHtfq6R7X6uke0CythTbNZgf/AAa/V0j2v1dI9r9XSPaKKKLwt0DyCevHuZWQU6O3gD8nB6x9W4en4EevKReAB5BPXj3MrIKdHbwB+Tg9Y+rcPT8CPXlIvAA8gnrx7mVkFOjt3eGG20SCt0ntXOP4y9X+nD00lbMe1cVf6pgfD0YGihih8Pdw8gnrx7mVkFOjt3eGKzFaZQiGFC94eKtaS775llFLyJSPdw8gnrx7mVkFOjt4BArHBDZwfrdX/B9bW4tRhvta3FqMN9rW4tRhvta3FqMN9rW4tRhvta3FqMN9rW4tRhvta3FqMN9rW4tRhvta3FqMN9rW4tRhvta3FqMN9rW4tRhvta3FqMN9rW4tRhvtaJSKGJT4YZrcWow32tbi1GG+1rcWow32tbi1GG+1rcWow32tbi1GG+1rcWow32tbi1GG+1rcWow32tbi1GG+1rcWow32tbi1GG+1rcWow32tbi1GG+1r2N/e4Opzv8P/AK4AHkE9ePcysgp0dv4gU8NTh4eQT149zKyCnR28PhTji8FNlE4oYo44k+Hh5BPXj3MrIKdHbwvwmhRiia4ja4jYd0ScbFOjUisQtcRtcRtcRtdRNFDFDwoPIJ68e5lZBTo7eFKKQow2omnF/mk22QpHWWbZGkfH7s2yNI+P3ZtkaR8fuzbI0j4/dm2RpHx+7NsjSPj92bZCkfH7s0NKFJ5VNh1kDoe8yrLI3fCQ8gnrx7mVkFOjt4SpFCnDbiZZaJaK1E0K0cLX0TX0TQpmP764J9nJaKNVOKzGncqtfRNCorFCpFd7Ui19E19E0S0TDrRDqpqpNfQmIX8PCQ8gnrx7mVkFOjt4TSEVlJOHTNaa01prTGwLPjDuqTHET2Fo3FiCJerFs5l96ryv5vv+JJFMhWlIi169jR5mYGxiZzb9ZLnDEy+9nLPAhWXoyAZSsakXEZw58wPLk4zMc5xesiqt78WdXMzTpZ8QcVF0nEJGQtA8ijsBL8FcxWOS5+B7xiML8MLsDq2tNaa01pqJW2oyH0bhIeQT149zKyCnR28JpJO8FtQ/M4y1trbW2tsuXRBMaCqjqRcqlR1G0e+Wlpd7xhXO/wD7kLu/U02MlDSyQ8xdF0LLjzLh5mYv0CCb/DgHlxxsOEm/rdgrrdBTEI+w8SUD72jZmZ38YGJJzd2HfJGxbx828ihdGwAFBhJLpPKeO9zyJbfHXevcO/JHHhie4ffmHPe4jN2ttba21tqLTsC2ovnvduEh5BPXj3MrIKdHbwqkqPiF29LJe7NfNfNfNfNfNfNfNfNfNfNRoMRm2q7SL7y3g8JDyCevHuZWQU6O3hZFCgERWru59Gxb/wAb6M33OUbpKS9oG/y1vuco3SUl7QN/lrfc5RukpL2gb/LW+5yjdJSXtA3+Wt9zlG6SkvaBv8tb7nKN0lJe0Df5a33OUbpKS9oG/wAtb7nKN0lJe0Df5aw9C0cPFau770nGfhhvo3Cw8gnrx7mVkFOjt/H4eQT149zKyCnR2/j8PIJ68e5lZBTo7fx+HkE9ePc1IYVIbMTSiLSiLSiLSiLSiLSiLSiLSiLSiLSiLSiLSiLSiLSiLSiLSiLSiLSiLSiLSiLSiLSiLSiLSiLSiLSiLSiLSiLSiLSiLSiLSiLSiLSiLSiLSiLSiLSiLSiLSiLSiLSiLSiLSiLSiLSiLSiLSiLSiLSiLSiLSiLSiLSiLSiLSiLSiLSiLSiLSiLSiLSiLJpwpw2Yf+cn/8QAahAAAQIDAwMLDAgRCQQJBQAAAwIEAAEFBhITFCMzBxEgIjEyNHF0krMVISRAQkNSk5ai0tMQMDZTYpGX1iU3QURRVGNyc3aCg5SjsdXXFlBhZISVtLW3FzV14SZVYIGhpLLC8CeFprbB/9oACAEBAAY/Amk5tG05zbAnOcwC96T8GOCNfEC9GOCNfEC9GOCNfEC9GOCNfEC9GOCNfEC9GOCNfEC9GOCNfEC9GOCNfEC9GOCNfEC9GOCNfEC9GOCNfEC9GOCNfEC9GOCNfEC9GOCNfEC9GOCNfEC9GOCNfEC9GOCNfEC9GOCNfEC9GOCNfEC9GOCNfEC9GOCNfEC9GOCNfEC9GOCNfEC9GOCNfEC9GOCNfEC9GOCNfEC9GOCNfEC9GOCNfEC9GOCNfEC9GOCNfEC9GOCNfEC9GOCNfEC9GOCNfEC9GOCNfEC9GOCNfEC9GOCNfEC9GOCNfEC9GOCNfEC9GOCNfEC9GOCNfEC9GOCNfEC9GOCNfEC9GOCNfEC9GOCNfEC9GOCNfEC9GOCNfEC9GOCNfEC9GOCNfEC9GOCNfEC9GOCNfEC9GOCNfEC9GOCNfEC9GOCNfEC9GOCNfEC9GOCNfEC9GOCNfEC9GOCNfEC9GOCNfEC9GOCNfEC9GOCNfEC9GOCNfEC9GOCNfEC9GOCNfEC9GOCNfEC9GOCNfEC9GOCNfEC9GOCNfEC9GOCNfEC9GOCNfEC9GOCNfEC9GOCNfEC9GOCNf0cXow7nJq2lOTY85TkAXWzSvgw05K36JP8A2Jd8lcdEqGnJW/RJ2V9e9jd86UbvnSjd86UbvnSjd86UbvnSjd86UbvnSjd86UbvnSjd86UbvnSjd86UbvnSjd86UbvnSjd86UbvnSjd86UbvnSjd86UbvnSjd86UbvnSjd86Ub7zo33nRvvOjfedG+86N950b7zo33nRvvOjfedG+86N950b7zo33nRvvOjfedG750o3fOlG750o3fOlG750o3fOlG750o3fOlG750o3fOlG750o3fOlG750o3fOlG750o3fOlG750o3fOlG750o3fOlEhj685/07F3yVx0Soaclb9EnYkUmetPW3YuFXNafBVHB0RoERoERoERoERoERoERoERoERoEedGgR50aBHnRoEedGgR50aBHnRoEedGgR50aBHnRoEedGgR50aBHnRoEedGgR50aBHnRoEedGgR53pxoEed6caBHnenGgR53pxoEed6caBHnenGgR53pxoEed6caBHnenGgR53pxoEed6caBHnenGgR53pxoEed6caBHnenGgR53pxoEedGgR50aBHnRoEedGgR50aBHnRoEedGgR50aBHnRoEedGgR50aBHnRoEedGgR50aBHnRoEedGgRGgRGgRGgRBUDTcTJQut+b2LvkrjolQ05K36JOxLxfz+fjF0adi75K46JUNOSt+iTsS8X8/n4xdGnYu+SuOiVDTkrfok7EvF2rT12vrPUlNUm4Swn1Oqz/HUzyfKf92MnmFcykXCMPfZqPdp/+O2s/cUMKFRbU5bVakbJmTTqHaNtjHuqXrYzukt2otolW/IOUKsnV7R5JaBLlo1Uw6kV8+sd8kS2Y8paUxwyziHQtvlGbvZ3c9qp4rXVrqQuqJcEYp6m1Z9jybKEg6r1Mp7xA8NZxafDxL2axMOEERPXQRMlpVra2vJSbyVbf4GzmsBhHGkpwzWJaSSkUBFtzjUpPfgGEoBEaQRELEXOj7VPxi6NOxd8lcdEqGnJW/RJ2JeLtXU9/DWm6OhxZm0lRq1rwP6zTBvHQmL+jjaoIua5XQCcUBwZKNr3bgkUm01Mq1rjv6O6k7aifP6ORosshLRdOJvZ9uZaNv3DgcOvxgsf/hKJDmrVqoNaXTWaL7l69MkARyvXE7ZXdrWpKBo0hSLQIWdJBWgAWrqYBrQlNUY0lqNieSkpUogh1KrMKpdRewyZRTxk2i8IZBYeISs2Uqwa2zEpaCJbJIF0Iw72ZOxeoZumpSXcQSHY22KNaChxBExIc2eojG0LCoNmJ6jOVba01qIggGbtyjEppVqgtbkajoJcWMebSv3uGtDrzK0D187pyKonqM1pxxDbkcOGosdT2rMF3yLbF2iBklho3Y/2ga7idC/k9/KO6lA5vZssiy1IcPGwMuu5jAyjDynNYvfYq8rPUy0LNFGSzm6PWWjBuBaninGGMCmVTf3jdjKWVC8PN3ILRzOqnXqk1OZvUQWcZt3iKaYGFeC5ePXlMYlLfUoZEMHD0jZy3MJ1k5R4ZDU2jHf06rDvKHSa6BuzevQjGlZHDHJXj9q6Si8vEAhxliBhIUjVDQeLGp7yW0PTUeG1FcnqldqLYKAVANnGjZ2OmnEBvmHLp7UKY1UbbKGQbNw9I2KIwnWTGRIcIrtmnazBvYTtm5SkVRpri7eyR82QsiBGuaNYyEbEHnWpSChqyrxag8qrtEjjpNGahdPhs1KKlL0+VOWDILfGAtA0EeZQReibEEMhBsqEMdoaK4qBBt2bquMWAWBXhSJCBqo9Pq1TWIp1kzZHAxt9rnXQ83iPbU1kD9zT2JWYjBpY2xnilPHYmosITtyzApKDHSsl9wPN39LFHfzDaN0WsAcOZ0tmypZKlShAdFai6rJVWkMm5XagKO2A3eOXOT3HTkTcThtiWcpFj3tpqQW0DNpaJ2eSE0pLmhPBVNkqlOiheZaouWAVlIEIXTXI04onbwJETXZXUvGyrcq+0Y1VZXa27GVHujcvahO64TUlvdCRI9tT0Zz7lnO1T8YujTsXfJXHRKhpyVv0SdiXi7V1Pfw1pujocUl7ZN5a9FnHDRBaQhlqgNKY1S0213AYLtG0W1Hvtpk4uKK2bVNc2hPTDUhA6dKsWtBaEOX5YFSsIIqzU8nLk9/P4Y/qDxPqSdfjBY//AAlEiz9j0lWils6SOuEDr6yHFRfOnzMZCS7rJGzVQxT+plJ4b0GpWXpVXdu2aJ1arvgJPVjPTtxJdLYVPhtMChcuxh0tbbCu4nCiOSElZVi9cLpR7TJsu6FNd+VQpdWKlFIU8ShEkKdtZu2LqaxjRhuUGGOaBEJJQn505DQ3tdnUEGUq43lQrUpK3eGvI62T047l3tOvh5B9lEWvBZ5CajKyNmRHdzFOc5DZ0ZkJ3UcO7fUUo3j9YMP7YzXWh1QlOpdUWdomllZokVWPNiR7/KFteTPvK2jdw0Hc2lxsSU+vFctRJvhVyo0mrWqSkkuuiammFQsRPgIbjbu8P+sri0Vr7UUhjaFzKrTo7MFZbDqLQN1qB8+cqZu77Yrhwp43RI7gayCkJeEQeUFnNlbSjvXlkQsUM3A6PZds0p6JVpi5SodRAcqDtWrcjdKAOaa0pQxuSIyrKhlK6xNT/wDpaWi6ajwwor2yNEqblxShSqlVfMQuKsd26aiS8cAqhUEfMNveW2QwcNxsdI1wy5yLeUQRFZIGmOUrTOeveJTK2Jq2KreXlIQ4PK/c75uQ9tpb62zWpOyAxH9jayy6vybvjDG3pxFNKU1ItDBpTZJQ3pNQp70m2BUDOsLDizNV1OLOkpVNcNH4iVlnZk9mrPV3JzhSjqWIrVhJ27ppsrb1I6KeLSgEQx8MeTu3BZ65XDax5yq+ystRpSlK5yoJam2VLJWS1KouAU0PVGqU8DNlTlKbkInqa6YrKd07yjEmcjgchtwSCMZMpxLHrplIp7M7Oqs6E2dCaiy1FGY0eoZHS8vWlb0jMGtJYwkcFHiZzSTix1oR2fog6+VnUZErg6SwRWFpVUqg3UlVTSHLV3xJSDOONGjD0Xap+MXRp2LvkrjolQ05K36JOxLxdq6nv4a03R0OLB/8AbdIX2HX4wWP/wAJRIpdurPsS1JdKp86ZXGTQZDPkMhuSumb8DYUprOFut07S+w5YrcSgOcLJUOSNwM7Q2cqjy1NPaJagIxK0lSatMARoA7fOnBstphTrvZUhvT6jKU05SOfZGTNlarNo2pW9GDVnleG6UMgQVWsqOXJmlJQW+srCmONItK1oHkg2GKsuJh2dtgFEsakvV0Z6qXWVNnUU47VSv6AO2y0D5WqLf2uq+u9NXnsqGU7jWKVxdAqoVZRb6dsk6qi0xd0ZMLR5uP9mCSOUpXbHqQYUiqmKUmrsrRVUmLQrWCnKO4GeY7+AtetpJyiqWTVrhY1GiOKMjW6824iNFNAET8MG0WP7yLTWMtvQaoppN/jnGxGHqkyqYB5PiCA+OzA7YVFsluQR5OB5pAXTbKBHilB1KHNes1R2zETN5N1Js8aiYqcqLUa7WaUVD+hgcoSXJGN7KnBFhCJs6kZ5kwtTyU1TXOTS0MprVKUlKnjUXrqubTmQz5I26FMaovIq1/+zNYtRVdUCz7upnU7rmsZCG7ips11N3ljOuUmT1QAOMsbZjEk4ZEyJ8eaCyuEZOKZW6PZ6qU+x9nTmpLeqVEaJFeVarBE8MA+TqO1bmEFhm2wHr1eHddOSoywLcaHjZWIBzS7EFErXTPXQR7R1S3sWb5TX/8APKhFDchCRYGNqAqdrRJSkt0Hp1QAIhfBQsykhvk76UY+7iympYRnUxWhCOsJQ7wmnUgwhEqFVTdPlmW5Tk20uZHh4iV53D7VPxi6NOxd8lcdEqGnJW/RJ2JeLtVvK0Nn6JXpNJlm0lWaSwqmTY93HwMtC4wr+GLEw9JdR73AGFOZNKexaIwmrJi3C1atxe9gbN0DAJHwBj9hVXqFkrMPqspYjTqjyg0l1UJlbpSluTLnDYjq+3QMWEvEzV1HgewWqVKxtlKhUzrQs1RfWepLt8ZY0pQMhXjhms61IQJIxrxO4RHF9SUEp1ZptPq9PNNCjMKmzbP2ZZjIko1Fau0EAtaCpSseIPNkQgsZDQqRTKKyxVnmypLFpTmszEShBDYDULcGKtCUYi8PEJcH73E7RIs3QEWgmqa511NHp0qxNag5OpXVPJstvkbKUAq8o4MrC0XsN5Whs/RK9JpMs2kqzSWFUS2me7j4GWhcYV/DFiXMPEuo97gjSz9FpNCamNNwZrR6cypjcrhSUiUYoGQW6FFuCQO+TOYaB+9w3XaGzlCrqmklyarrNIYVObZJLmKkCnrZxhX8JGJh4eLcH73EkpklKUyklMky1pJknepSnwIcVGjWboNJfu5LS6e0yjU1i8cpIXGKly5athnKhZkpIS+QmIVOLATWgszZ+ulbomJuWs0em1NYEKVfUMCnrZwsSFrzhEDhvQ31n6I8orSQJNaO6pTBzSm6WyboEgpxQraiwEKuDwx5seihFnS2fohKAOSJIoa6SwVR0JGbHGlNMUHIk3HGfH2PmyZ3SwOnUam0+kU8E1zCwpjNsxZimQiikUJs0QgKb5lKWTDHnCLWWDtHYAOmroJW7pq5EM7dw2OlQihOAqCIKFaFKQRBB4ZBrjLqFZOzNFfTGsGW0mhUunOsEt3FDjtGzc+Eu6nERiYZLqO1T8YujTsXfJXHRKhpyVv0SdiXi/n8/GLo07F3yVx0Soaclb9EnYl4v5/Pxi6NOxd8lcdEqGnJW/RJ2JeLtorl0YLZsBEymcOFpCAKE74hSq2iURNFGpdQqCdvLLSpTTGeulV3aqerG+Khe/GdvTnLYg86IpMQeIrDs1Ze5rquKJbasIXNPcTUlNgiISq53CCE/CEj3N2U8t61/D+Pc3ZTy3rX8P49zdlPLetfw/j3N2U8t61/D+Pc3ZTy3rX8P49zdlPLetfw/iV+zllko2t+Y7aVha5J7qaUrsGNClXO4IQf4QcfROlVBsiWtruml2qtZTUq7dutPoilHdkOSnDbDHpSjgZgHE4AZMlCMFaTCWhW9UIqdopH4ONdPbJ+MXRp2LvkrjolQ05K36JOxLxdsuXzskgtmoVnOWclTuiEm8rap26l/ARnCwEjwcmrEJZna0zarnf7w5fl7pyhHcN+xmxDE4SUbZzEr1+apy685q1uv+TG9V41Ub1XjVRvVeNVG9V41Ub1XjVRvVeNVG9V41Ub1XjVRO7fSqUutO9r/wDqg7ynCQvFnIztkm6PKlp3xxKzaEvFh2l8mbc3ACKUeHiDbnCu+FwiS0KnJSJ6yvCSrbpWjeEQTODIhYi50fbJ+MXRp2LvkrjolQ05K36JOxLxds0ehynPBWpdZqEtrcWJgRKac2KlW3278uXjw++Ufxm7G7G7AWCTYOJIqlEuTKpKABUVWEBO2Ku6nNIRnIcppzqrAeN0qWmVUk0S3cYSrpApydOMlytF5Y8QfcYRcPEinuyINPLU51Mxa2Adasw32q1rWoiEqX+VovfFOXVOdBAiWusihq1kJnuKJ4Otr9e/DYiGR8B0oUgnupmhST71SdvttolRLnwYIyLfuylJQCrTdygW8xkpzlxK1pVzI3Y3Y3YfUxOtgOEyq7NEp7VMykwqoNKe4QNypu7J745qR4lxdsH4xdGnYu+SuOiVDTkrfok7EvF2ywdba7UaHk6Ov1tekvylL/nIthkzZ/kD5LY56cpM7qzvQJvAaDPjN8nUf3+KoG2FOJkbOmvCIqb2mpalZOQIzCWL4QQILlTvJ0XMRxNzxRYDBUZqNwJDXqklJMJs4PUVYWfT9c92JGJ3EWww6JWWYk017r1Wtu1Sc1AqUX9bIUhAG7fvryseJ+FzkWIRr7WdCpBJS+EV0e9/6ERVMUJhJO4mUCiomORhb3EHr6UV9KtvsJvJa92lUB0AqZT630ZqVPKC9/cLjD/L7ZPxi6NOxd8lcdEqGnJW/RJ2JeLtkjYVwdSazyulOFquIQ8GnRlVnOxnaLzRzmyZs2KLssY4K3cjI3ctyrC4bl0oTi0o1RuxuxvowHtWqTsGvJUguXzg49dO9VhlNchLCb11kSV4iWc3BslST3zJr+De28a5qzVCzwSt85UXZOxz3McO2NoT4SMRHfLg4DI7k5pNwpACRikJggTvQivaIO23kIU+fO3ihIwxKduDuZiR72LFXtURuxuwMIUEMc5UBAAUtcpjlVdEMXw1rhAj4a6q71nVVcDneQpx9rCV9rMEZhto8S4t1hYrgnbJ+MXRp2LvkrjolQ05K36JOxLxdtSeM1hp9ZRckp2oapieASm7gvLv5OG7zhB3MLRQua6I5qTdEtfKqJ9E5L+9Zi+it/8A+3d3msSPcjbvyCtn+4o9yNu/IK2f7ij3I278grZ/uKPcjbvyCtn+4oQYNlrbmEVCSjMKw9sCiKIibwyCKih7dBE98j3I278grZ/uKPcjbvyCtn+4o9yNu/IK2f7igaw0J5TW5U3sprqVUeSN7dSVm4R1YSvbf9XdwvFw4I/fmb1Gqr2oDjCpAqeC7nRgxV7Yx++O8MebzWEPOZT2yfjF0adi75K46JUNOSt+iTsS8X8wWd/4HSf8A37fPxi6NOxd8lcdEqGnJW/RJ2JeL+YLO/8AA6T/AIBv2+fjF0adi75K46JUNOSt+iTsS8Xb9Eq1nKbQH9IfkOyfFq7KqOCtH2mbZxlVqegYjgv60iIXrlEuCU2oUqzbay9m6U3bGfMGlSG/W6w0N6a2xXFZdgvrQJZy9hd5Xo+3z8YujTsXfJXHRKhpyVv0SdiXi7cKBby+YE7phNgOXmEv3suSBcYRvgaSLsuqivq5qh1skucKnxvKv5P1/wDdkVqzbgNWUt61mpitVn67maiDOsyXlUkmFnk3L+Ho1ril0KTeqoqCxSe1lcqBX536o5ShR03up69qDQDw14eZxRaSN5V/J+v/ALsjeVfyfr/7sjeVfyfr/wC7I3lX8n6/+7IvJ6o9f3yk1YM+aVlCVALIiL1xXW1poX3QypXtxL+ATtk/GLo07F3yVx0Soaclb9EnYl4u26k8xJCIhvMLVc563ZzrsRgP79bw7dH5cJBJaQBEnrSlLX/+ffxwkn6uOEk/Vxwkn6uOEk/Vxwkn6uOEk/Vxwkn6uOEk/VxJYTTX19aaFyi0NRlJGA6rU5AWiemyCm0+mOiK+Gh+zcNP7Gjtk/GLo07F3yVx0Soaclb9EnYl4u26VREKlhgFOtVBF7r6+JklGGoXdBWYVTd/c3NNB+bhFSqy6veK+M1QinLaa2bCIu2yj8J75C6jRj1LWauRN3QKkkOJ2SlagnGRvtO9qRc6Pvkna2bxDVUpLk5U3NJvNKt7n7lyJlaMnzoaVXJkbtnB0SX4N4SN9toUJq3dOColNShgCQpUp3t5SRRR3WueTh9J/lIiz6w1s3eT3UpuX0fdL8bs43ZwvJ7qnZpiaskkntVvnhEtGY1ffvDihmwBKdxuGSb6p66yz76Yqu6Mc145F98Ivtk/GLo07F3yVx0Soaclb9EnYl4u2uKKlW9dUw1M8lMkqnvKYAKW7C7+HQJb+53ty/P7DYmQU1/i1p2m5Um2VIR2K12wk3x3VxSHQhsadRA1homsUwTcAcN13p0ciNaRWZg5vRj/ADlzNur7G1btN48ijO7ZfyfM3uK99bDZIbzD9kgyfZ13XWiiJS6tC4bLZtTADSABaU0ASXyDGd9jZKUqOtlGVs87r6T7NpJULKcp6rsVvcgvZZk5KffBh4Geu5QouJc9bFmOqOvluTv8fX3+vjB039YuXcp75iYmLnPZZfa1G+iJpa+ldHG4aMB3e6Rwt39yctmka32O2T8YujTsXfJXHRKhpyVv0SdiXi7aqUm85pcv0ipYVIXhrR1RIlocwle/NGZXDv8As0IQmUkpQmSZJl9T2Et8YuAhcypBfVhJKraqJhby/wDDggkFIgR7mMJC1SQbCVeHip7q4uMjVUHqmkkSHkqnbibfDTvU4F+5cibQb96NqpC0TbDduEN5jJpE4F+5t78KdoqD5LpaMJTlLtzJwpG1zaj379zao5kIQdwcyRTLMSTGISSJnVinu3t7fXty+xr/AGIqtVXLaOn+Ss1a+/asE4Sif3kqoI/BoB20fjF0adi75K46JUNOSt+iTsS8XbVGoSLk8ER6282+3FvqfS03feT3qn+ho/N+xU2mWdj0yztRcsUYDXMmbSRgKvYN8ty93zEhMq1VRBa05uZwV4VsHscClCRtQtUN8oKcqm6LkMjU2qiqVOdvw01btLYzc7V0VW4dmfb3Lm3GvEzlwmj605usmtAzMSmlTKrII2M3CxDrmSUwzq4Zh4W8B1tzWnosSkNGFYQ8aVfKJIfJZEBMJWt7FGpmU1/we7FvvGPCNK02ev6aiRalTxgMjBHewj5M8VtXuAa7iYfW1vq6+FIkJatdbLHxgMmevK/LKnhktGqlfAyg6Vk+5oXDGnNpTSBk1A3DKe7hAGkSb3w9r20fjF0adi75K46JUNOSt+iTsS8XbPFFUr6lXxv3S0U+7vJUlqrCp138O2uuyf1lyf2a1lRcLK7P1Jk32hFYjo8kYY80ja/fkzcOcR4umpeNJt5VETYbtbMuIkoiZMpBMUObwyow+7181FNbrtE6raUVVm9cOOpLamM27cBJbXAyOdQK435L4y4eGqLXIUfWVU0azGWEbsjs/F8DNZr7Yw4so2QvXM2eVZRkXVbWR2ycLbfmlRUz0+pO3zx+ArMDEzJQMhQcmfU7c6F0oYU4eY779T3uFnJem0s6GRUy1lSkqovElbg228VkjZL1ZAe+OWJe9jji7aPxi6NOxd8lcdEqGnJW/RJ2JeLtl3JJJie1tfUKmzSpQ15U/bnIcoy9wVpS21QfD5JDcaJSuICjWu7mzE8ZrwnIJqUMlwZLs7t3elxEd1E5z3VT15wo51SQlO59la/BTAaguXZNdOerHV4Uj5pmr7zIANPP7bPxi6NOxd8lcdEqGnJW/RJ2JeLtkbBTlTJw0dofsnUkYyEOEhcNM+C+PFCts5cI0ndoL3uJgpdSsqdmjWkJbuu1tmX9D/krVEN/zbwkcLsV5T1r5hRwuxXlPWvmFHC7FeU9a+YUcLsV5T1r5hRwuxXlPWvmFDN+BzY6QHzVu8DItpKwkyQugpKLFuWGnt7ivsz444XYrynrXzCjhdivKetfMKGzm2FdbmQO4o9Opa3rnF8JsmqOskWJtf2l9vThkIP7SLAWrUIm7ZqEQG7cCEjEAAE4QgiEnehQhOHc7bPxi6NOxd8lcdEqGnJW/RJ2JeL+YLO/8DpP+Ab9vn4xdGnYu+SuOiVDTkrfok7EvFL9sv5gs7/wOk/4Bv2+fjF0adi75K46JUNOSt+iTsS8Uv2y7fplrrI2jtJSBUks2lba0SsVWniUzdKzFQKCnmGhWA5zBHB+9mR4EPLV2itNap3Z5k36k0Sl1KtVR1THRbqUlMNq4eLBgsApwBdj6wyFHgklc7fPxi6NOxd8lcdEqGnJW/RJ2JeKX7Zdvu2FoCTySrNXDBTMAnLp88EceEdLNmyQ4eluILfItuPsbSlw4plAoKppa0Jg1p8m5WpKe6RIA8LGdMHCG5xLdrEU+IQeG5IshRFJG7K/L6nbx+MXRp2LvkrjolQ05K36JOxLxS/bLt7qbS1CNVVTlja6FHBTgXbyiOruGjKVoUnJmmJiZ5DrCI0HBnrwxHDxxrSM5LtyqQnRBT3DdsO8rDA3GNtiLIXCxSEgRxLWNwDXwXA9ocd7fJvbwoV7XEAQeGS4PNZscZI9WMbpU55IdMlDFUBb67dVvXgEJzgBkzg0ZULNYjZtIZtaSp/V7dPxi6NOxd8lcdEqGnJW/RJ2JeKX7ZduLWtaUIGlSlkXO4hKE7ZSlK7lEZNZ42E0XNaT1mac6uSdrdpIio3i/wDrImbw87TxOcoG+HhglNMlTWparylrMsqrxSHKrblMdV5ZFkzhCLxS+zgOU4o5a12Spq10TSq8kglb8RkLurGsecHczWjiaagSblmOcphqUuEAR4NRT31APt8fe+FizZHzlF9UiBXKSkFHO+hSFb1SVRJY1SUmfbZ+MXRp2LvkrjolQ05K36JOxLxS/bLtOVUqCHE2KX1OZuTgkG5T0VF63p6X7zKDN7rBqY4lvjjxCNm18uFhDJBq5VsqKFBW7Vqyp4UuKjVH7wiRM6dTG18eVPnRVXBoxB++4oxDgZFDIFS0IXMRsPFDNSdGTCWRF5Gj2hCD+67Iz16ZAGwE66yLn+SkafCMtdxA0DzhCLGIWdJHZiVM6UhV4NIStK8a6rNGqhU7Rwbu8kH2E2J9ulGNyOa5V7BMFmR46bdS3C8mGHSZ3GGgtz7n1/6ID1PqvVOS5LxewnDLBu3bunXtr+25mw44UWnSxma13z0pariNdWlJTlK2jRz3eBwJyT7WK4K+gThutSwE19ouVxaJpVdKMqe5Whd4ZEfAi+ictf6qfYKZd66ESyqknfawk3trFNtRRcfqfUxrKMbpI0OgLAYrc7dyMRnAEuAFGpBEDcEin2kpYXgGNSk4mAVQQEbpOTO3DUmKluZ4HTAVvHBM32sfjF0adi75K46JUNOSt+iTsS8Uv2y7TdU+oNxO2L5uVo7anTfEduceEcJU90haFKRFo29aqx69T9S6ozstYlq/RfnThPgirCqkdSyryqqgYPm9CbPriFipzRetrZRrRbh2jU5r9vmjC0RqPTnbbViTYxnQ0U5k1RkjOgN3Lcjcx9dD5wd3iZdMyHQhyxJzJZItqrEV62Tiz0rUBrFmg2/6mVwoMdoWztac1qzjnGtG/Y0ps9ppWgB5a+cPsqyDFh2zpM7aB6kVd21eUe32J/KKz5SpE7BSVKLn1U5u3OJdNyhw4c5EpAilxc2P2EXUjc1J1ryZMVGw793SuT6RaWYNriLw9IsAtK4jLKq6W9dKVeTelcbt/ubBrnENA9xm84T67K5LnI3YtB/RZmrz80UVVydb9OT029JdLkHLxIU7bpOcGUb3DQrOL0g2ylxTMmRaJ2odfYSRVawJuWQ1YicRllwl394pJ8AmJFr5kcLLkOcZoLrFQyLlixJI0GraNVoQRWhw/MiyJnRyOTzc1gOMdSiFUgQ0qSlRVbdVzFVv/Di0TaoTNNs2YOFkbGT2PT3QjJS1GAe8arv3wDQ3w/1cbsZSyOtm7Sq9ijltDdzhvAbx2G5tLhP7IVsXDJC0LRkr9trTMBC74jIVvXIFb/CXvM4MZBkRhe9kcayt/KH3I3PQqjU6tQlZEWSttZqzFFtQKayLb0i0qmTdlZ+0IwbxuKq7WjVc4++dSnRdGQkallnKs6qSKJ1Dt9XHNPptWf0jqq8YWoplPZpeOqY5ZvVtmKay7d4I3A+ycDFzQ8Mlu7CMqjUahZ2mMLPVymt6q+d1Q9DcVrLUvKU2fvVHcrY3GYHTYLghJjxSa+IUjgpO1D8YujTsXfJXHRKhpyVv0SdiXil+2XaBqFTrL2htI+a01hVnvUctmQAZtas7qrVhiktBaOgYpjmolT2jTKMPBzuHiDxPpX25/vDUz/iHH0r7c/3hqZ/xDj6V9uf7w1M/4hxaWpNNTXVFIe1NWRWKglzU9S1YguhMGtPSNmkVvALS2wmYl9kEckxL+dh7aFjZbV0sbUqrgdWVWLtrqd0UNXI1Clu1cVFuu3Tsa3AG6cEeBgd3i4hiTJFCo1FsFqxWKHZ5LwTF/Y21mp1SaottUVCLUWj18W3rxb4L52Bu/c4+cI9bjLi6TELTqXqZ6pDpbp0uoVOqVeu6ndRq9ZqRRiEepVN8bVD7IdmSMW8GNvtcyIcfSvtz/eGpn/EOKjUSWKr1HWzmwSFVbcWaO3Nl9Rb08pLtmbTV91cYIcZc5xxtx5OHhQ9IMzx0Zbl45nrmclu31Xd6NN3aCEjvYB5sfsuMmLh5W1OyPtBrvtz6UedQS7f8MechDtidQHA5TklcpJX1lJuqSpKkEQpHwCQ2O8fEMRmtBW8rgUCGVKrySYAgoCtfwyDh+lBtaVTlrPZXB57OYvgZrPbfsfDilnd4hGVOM4IkQBjmWWVDulu3sO9t8Lfk7mMhc1AxmclJmkSpDQpSRaPHIlGOf8+QmcRi979kZkLWByCd4DkV3FFPut9vkL74gmbJ32GNZFZir1ty5d1FsttRDUMFxDB67ZCf/wDSauUBGTu8BKxoA4cEzv1yLskhQr1MLd3TCWJU01DUz19Yqbu1/wDqHAbAl1LNUB/QA0RFn5ye1LUvI5MxS3ydJSEFbwAcruZzHA3FhuE4osOLN2VaWJ1ZaX/JNbxdDtFSLUamFOtM06okKp8PL2tthtcJ2g+A4R1P0aUd8zkPQUrU01THzyqO5v6xWq5X9Tip1usPN4lxUXitUAd9Y0bQaAAbj77h4xClJ9K+3P8AeGpn/EOPpX25/vDUz/iHH0r7c/3hqZ/xDj6V9uf7w1M/4hxSKZVbHWos91beHp9OeVQ9kXLQj0FLqVbydfUG1lbeiURjSagu+tnk+ZwsXFILtA/GLo07F3yVx0Soaclb9EnYl4pftl2ha38RtTz/AD/VP9pIA6EGCZCxFERKVoKIqbqhlSrfIWiFuqbIzyjddVzOHeUuW+ul7twwR9t8JGPheJnH0SUmclJVLXkpM9eU5ewKbg7GmCOmS0lqTsYM0oayiNkyb9RUI93NHQzIPbo71BhNXUnrcatYTpISASaXhYBdun85DGm0SybSsySkKq88qjcRHWK6JdPkZ8a4ybjSlaGy/gYuDi4mJU0ipQKpUZVMwGyquDKacGliVtZ4GKhany1J7tGuMffdIOKPVqlQ0tzuaOt4ShNUpEyJUUHUJiZwBa0ZKxdBFleAjF7jFE4xClcHfVOh0qgu7wV0A1NB1P6poKYSXiVM75FuBDFt8r0Y76MLf52Nec5SkmWvNU57WUoG5e47OiyuLnO6QDiqSVtkhaqVhrEzWi7iPx6Qa8Kn50mUthN24hhABCAhCJKRiEISbohiSneoQjvftOpf+PL/AP0z1RO0D8YujTsXfJXHRKhpyVv0SdiXil+2XaFrfxG1PP8AP9U/2s9Us6lAHk5zO6pW9av574pGv2k/Xv8A7WfE0uTFcEfRPfa6VTQpKpKQtC0qulGVKtukyF7QiCaOENJpZ1KmjJMqaXV2qH7CRNYssQYi54C88pfYi2+c18XE15wUzRrJi3IrXE1SYjmQJeDjl26vzkU2oUy1VOpU0JFOphrLxLWos3olJWQ1PSMI8rF3bbR7zCyrFxMnrlo5VOzonhqs6nRmVoKgFoAaFExeqjprnDlVtuxmhBjHiXylxLgoxndbpVccPb5zOaW+y5KV6926dWCPCV70j3uBTcuaY5mFgxAJVHMUzIQRt04YU317QqPrkf2xfj6u2nJKUylrzUtSriRpT3S1r2g0Q2q9oRKIfrHaUcydYDT3oz8X1w87vAJ2MxJ3ojtuNyP2rUv/AB5f/wCmeqJ2gfjF0adi75K46JUNOSt+iTsS8Uv2y7Qtb+I2p5/n+qf7Y4LhyYVQ0pTlVGiEyPiiTdEp0LQPUXEpATKM5k2iK2LhkGSm1KSJGTLFCYV7AeN+5cAvdx3siPrYma97ITYBplPRfcnnrqXOSpgag7p26UnRBR+sJmhZ0kNzYaahVQSmqdTdozqSlTdKpmDQMkXFKAPJ+ycmzRXTnOEJ7XqX/jy//wBM9UTtA/GLo07F3yVx0Soaclb9EnYl4pftl2ha38RtTz/P9U/22bGpgkVGvfCZE7jhofuXLU/ejfqyDzRcQRCCgzxaxvqOgyEIqAtoUUiquCS/a96XfzGO3xGxNpwbKMmH7CXIVJZUpJpiNUTpVOa8LSppwPrtd/aX8QbYZL+dIVuRtEmNMDcROd47gk8R08P3Tl4fvpf1Yx5poIYhjH7bqX/jy/8A9M9UTtA/GLo07F3yVx0Soaclb9EnYl4pftl2ha38RtTz/P8AVP8AbiAOIZg', 'flow', 'xxax', 'zzz', 'sss', 'A', 'pg', 1);
INSERT INTO `soal` (`id_soal`, `id_ujian`, `id_guru`, `id_kelas`, `id_pelajaran`, `pertanyaan`, `opsi_a`, `opsi_b`, `opsi_c`, `opsi_d`, `jawaban`, `tipe`, `skor`) VALUES
(416, 1, 10005, 1, 8990, '<p>apa?</p>', '', '', '', '', 'A', 'essay', 1),
(418, 1, 10005, 1, 8990, 'Apa keguanaan css ?', '', '', '', '', 'U', 'essay', 1),
(419, 1, 10005, 1, 8990, '1+9', '', '', '', '', '1', 'essay', 1),
(420, 1, 10005, 1, 8990, 'Matahari terbit dari arah?', '', '', '', '', 't', 'essay', 1),
(428, 1, 10005, 1, 8990, '', '', '', '', '', 'A', 'essay', 1),
(433, 1, 10005, 11, 8990, '<p>TES 5/26/2025</p>', '', '', '', '', 'A', 'essay', 1),
(438, 1, 10005, 985, 8990, '<p>Ipsum, fugiat, est a.</p>', 'Libero et possimus ', 'Earum nostrum amet ', 'In ut mollitia optio', 'Ut in officia nemo h', 'A', 'pg', 1),
(439, 1, 10005, 1, 8990, '<p>tes 27</p>', '12', '12', '12', '12', 'A', 'pg', 1),
(440, 1, 10005, 1, 8990, '<p>Tes Can</p>', '', '', '', '', 'A', 'essay', 1),
(441, 1, 10005, 1, 8990, '<p><img src=\"data:image/jpeg;base64,/9j/4AAQSkZJRgABAQEAAAAAAAD/4QAuRXhpZgAATU0AKgAAAAgAAkAAAAMAAAABAHAAAEABAAEAAAABAAAAAAAAAAD/2wBDAAoHBwkHBgoJCAkLCwoMDxkQDw4ODx4WFxIZJCAmJSMgIyIoLTkwKCo2KyIjMkQyNjs9QEBAJjBGS0U+Sjk/QD3/2wBDAQsLCw8NDx0QEB09KSMpPT09PT09PT09PT09PT09PT09PT09PT09PT09PT09PT09PT09PT09PT09PT09PT09PT3/wAARCADzAdoDASIAAhEBAxEB/8QAHwAAAQUBAQEBAQEAAAAAAAAAAAECAwQFBgcICQoL/8QAtRAAAgEDAwIEAwUFBAQAAAF9AQIDAAQRBRIhMUEGE1FhByJxFDKBkaEII0KxwRVS0fAkM2JyggkKFhcYGRolJicoKSo0NTY3ODk6Q0RFRkdISUpTVFVWV1hZWmNkZWZnaGlqc3R1dnd4eXqDhIWGh4iJipKTlJWWl5iZmqKjpKWmp6ipqrKztLW2t7i5usLDxMXGx8jJytLT1NXW19jZ2uHi4+Tl5ufo6erx8vP09fb3+Pn6/8QAHwEAAwEBAQEBAQEBAQAAAAAAAAECAwQFBgcICQoL/8QAtREAAgECBAQDBAcFBAQAAQJ3AAECAxEEBSExBhJBUQdhcRMiMoEIFEKRobHBCSMzUvAVYnLRChYkNOEl8RcYGRomJygpKjU2Nzg5OkNERUZHSElKU1RVVldYWVpjZGVmZ2hpanN0dXZ3eHl6goOEhYaHiImKkpOUlZaXmJmaoqOkpaanqKmqsrO0tba3uLm6wsPExcbHyMnK0tPU1dbX2Nna4uPk5ebn6Onq8vP09fb3+Pn6/9oADAMBAAIRAxEAPwD2WiiigAooooAKKKKACiiigAooooAKKKKACiiigAooooAKKKKACiiigAooooAKKKKACiiigAooooAKKKKACiiigAooooAKKKKACiiigAooooAKKKKACiiigAooooAKKKKACiiigAooooAKKKKACiiigAooooAKKKKACiiigAooooAKKKKACiiigAooooAKKKKACiiigAooooAKKKKACiiigAooooAKKKKACiiigAooooAKKKKACiimSSpDE0krKiKMkk8CgBWYKpLEADqTWBc+NNJhuvs6TeY4ODt6A1yPi3xq+oF7PTmKWw4eQdX+ntXFt8uCOCDwa9KhgeZc1T7jycTmFny0vvPdrLVrS/XMMoJ/ungirleUW8rokbqzK+0HcDit/T/Fl1bbUuR5ydM9DSrZfKOtN3JoZrGXu1FZ9zuaKz7DWbPUAPJkAY/wtwfyrQrz5RcXZqx60JxmrxdwooopFBRRRQAUUUUAFFFFABRRRQAUUUUAFFFFABRRRQAUUUUAFFFFABRRRQAUUUUAFFFFABRRRQAUUUUAFFFFABRRRQAUUUUAFFFFABRRRQAUUUUAFFFFABRRRQAUUUUAFFFFABRRVW/1C3021e4upBHGvJJoSbdkJtJXZJc3MVpA807qkaDJYnpXlnivxhLrUjW1qWjswe3Bf6+1VvE/iufXrgou6K0U/LGD19zWBXr4XCKHvz3/ACPDxmNc7whsLUUnQfWpKZJ2rvPNW51MX+pj/wB0U6mR/wCpj/3RTqswHI7IQVJBHcHFbem+Krq0wk58+MevX8KwqKzqUoVFaSua0q1Sk7wZ6jZXkV/bLPC2VYVY6VzPglybO4BPCuAB6cV03Wvn60PZ1HDsfVYao6tJTfUWiiisjcKKKKACiiigAooooAKKKKACiiigAooooAKKKKACiiigAooooAKKKKACiiigAooooAKKKKACiiigAooooAKKKKACiiigAooooAKKKKAE/CiiuN8U+MRa77PTnDTdHcc7P/r1pSpSqy5Yoxr14UY80mdNJq1lFcCB7qJZD/CWq2CGGQcg9xXhzOzOzuxZmOSxPNdP4c8YzaZtt7vdNbdASeV+nt7V3VculGN4O7PNo5rGU7VFZdD0yiq9neQX0CzW8iuh6EGrFea007M9dNSV0FFJWXruvWug2ZmuWy5+5GOrGnGLk7LcUpKKbk9CfVdWttHs2ubtwqgcDPLH0FeSeIfEdzr90XkJSBT+7izwPf61X1rXbrXLwz3THaD8kYPCis6vZw2FVNXlq/yPBxeMdZ8sdEFFJRXacFh1RSHOPrT629A8K3niCYEBorVfvSkfy9TUTnGCu3ZGlODnK0UXIv8AUx/7op1OliEMjRKSwjOwMe+OKZWq1Vzkas7C0UlFMR2fgf8A487r/roP5V09cx4H/wCPK5/66D+VdPXzuL/jSPq8B/u8BaKKK5zsCiiigAooooAKKKKACiiigAooooAKKKKACiiigAooooAKKKKACiiigAooooAKKKKACiiigAooooAKKKKACiiigAooooAKKKKACiiigCtqCytp9wsP+tMbbPrjivFphIkrrKCJQxD59a9xwa5fxR4STVUNzZgR3Y/J67sDiI0pcstmeZmOFlWipR3XQ8yop80MlvM0UyMkinDKR0ple6tdUfONWdmaej69d6NOHhkOwn5kJ4avTdE8Q2mtwgxNtlA+aNjyP8a8fqW1uprKZZYJGR1PBBrkxODjWV1o+53YTHToOz1R6t4j8S23h+13SEPOw/dxA8n/AOtXkeqatc6veNc3chZieB2UVHqc11e3T3U8rTO3Uk9P/rVUDg1GHwqorXVm2IxcsQ9Nh1FJRXScY6gAswABJJ4A71NZWVxf3K29rEZJG7AV6h4Y8EQaSFub3E93jgEfKn09T71hXxEaS137HTh8NOs9NjA8L+A5LvZd6qGji6rF3b6+lejRQRW1t5UKBEVcAAdKlpG+4fpXjVa8qsryPdpYeFGNoo8qu/8Aj8m/66N/Ooqluv8Aj8n/AOujfzqKvoo/Cj5OfxMKKKKok7PwN/x53P8A10H8q6iuX8C/8edz/wBdB/Kuor57GfxpH1WA/wB3iLRRRXMdgUUUUAFFFFABRRRQAUUUUAFFFFABRRRQAUUUUAFFFFABRRRQAUUUUAFFFFABRRRQAUUUUAFFFFABRRRQAUUUUAFFFFABRRRQAUUUUAFFFFAHPeJvC0GuQmSMCO7UfKw/i9jXl97aTWFy8FzGUdTggivcP5V5x8Qdd02RxaxRCa7Q/NIv8Pt716WBxE0/ZtXX5Hk5jhabXtFo/wAzkKKYrB0DKcg/pS17J4FrC5qCa2D5aPhu49amooauOMnF3RQyQxVhhh2NbmgeGb3xBMBCuyAH55WGAP8AE1WiEH2iJ7mLzEVgWXOMj0r1zw7qmn31iqaeqxBBzEBgr+FcOLqTpR91fPselgqdOvL3na3TuSaH4fs9CtxHaoC5HzyEfM31NatFFeHKTk7t3Z9BGKirRVgpH+4fpS0j/cP0pIb2PKLz/j8n/wCujfzqKpLz/j9n/wCujfzqGvqY/Cj42fxMdRTaXNUSdr4F/wCPO5/66D+VdTXLeBf+PO5/66D+VdTXzuM/jSPqcD/u8QooormOwKKKKACiiigAooooAKKKKACiiigAooooAKKKKACiiigAooooAKKKKACiiigAooooAKKKKACiiigAooooAKKKKACiiigAooooAKKKKACkLBQSeAKGYKpJIAHc15l4y8bvdtJYaW7LCCVkmBwW9h7VrRoyqysjGtXjRjeRc8YeOdu+w0l8t92SYHp7D/GvOnJYksSSTkk96TdQTXt0aMaSsjwK1eVWV5AkjQvuXp6etXY5FlTcv4j0qlWt4e8PX2uXYFqu2JT88hHyitnUUFeT0MfZOppFakFHWtXXNAutCudky7oW+5KOh9vrWTVxmppOLumYTpyg+WSsxantLyexnWa3lMbKeoNV6XNU0mrMlNxd0eneHPGkGphbe9KxXPYnhW/wNdVXhAcqwIJBHIIrsfDfjiS122upsZIuiyd1/wAa8jE4C150/uPbwmY3tCr956PSP9w/SmQXEdzCssLq6MMhlOQac/3D9K8u1nZnsN3V0eT3f/H7P/10b+dRVLe/8fs//XRv51DX1UfhR8dP4mLRSUVRJ23gT/jyuf8AroP5V1Vcr4D/AOPK5/66D+VdVXzmM/jSPqcD/u8QooormOsKKKKACiiigAooooAKKKKACiiigAooooAKKKKACiiigAooooAKKKKACiiigAooooAKKKKACiiigAooooAKKKKACiiigAooooAKKKKAK2owNdadcQRna8kbKD6EjFeEXlnPYXcltcoUkQ4II6//AK6+gKwPE3hW28QW5JAjuVHySgc/Q+1deExCpSs9mcWMwzrK8d0eLUuCK1bjwxq1tem1NlI0mcAqOG+ntXdeFvAEVkEu9VAluOqx9VT6+pr0qmJpwje9zyqWFqVJWtY5/wAL+BLjVWS61ENDa9Qh+84/oK9Qs7OCwtlgtYljjXgKoxU4UKuAAAOwpa8itXlVd3se1Qw8KK03K19Y2+o2j290geNxyDXlfiTwxcaFPuAMlqx+WT0+teuVFc2sN5A8M8avGwwVIq8NiZUJeXYjFYSNePmeF80ldL4o8JS6NIbi2Bks2PB6mP2PtXM8V79KrGolKL0Pm6tKVKTjJai0UlFaGRt6D4mu9ClAQ+ZbsfmjJ6/T0NenaXrdprNoZbWQFsfMhPKmvFvrU9nqVzplytxaSmNxxx0IrixGDjV1joz0MJjZ0vdeqNq9/wCP24/66N/OoKVpTMTK+N8nzHHqaSuyKskjhk7ttBRRRTJO48B/8eNz/wBdP6V1Vcr4D/48rn/rp/Suqr5zGfxpH1OB/wB3iFFFFcx1hRRRQAUUUUAFFFFABRRRQAUUUUAFFFFABRRRQAUUUUAFFFFABRRRQAUUUUAFFFFABRRRQAUUUUAFFFFABRRRQAUUUUAFFFFABRRRQAUUUUAGB6UUUUAFFFFABRRRQBHLEk0TRyKGRhggjg15t4s8HPpzNeaerPbE5ZB1T/61emU1kV1KsAVPBBFbUMRKjK62ObEYaFeNpbng1HSu48W+CzBvvtLTKdZIR29xXDcgkN1HUGvoaNaNaPNFnzlahOjLlkhajk7fWnU2T+tamS3NxP8AVp/uilpqf6tP90UtMgWikooA7nwH/wAeNz/10/pXV1zPge2eHS5JHBAlfcufTpXTV81i2nWlbufVYJNUIphRRRXOdQUUUUAFFFFABRRRQAUUUUAFFFFABRRRQAUUUUAFFFFABRRRQAUUUUAFFFFABRRRQAUUUUAFFFFABRRRQAUUUUAFFFFABRRRQAUUUUAFFFFABRRRQAUUUUAFFFFABRRRQAlcN4t8FCfffaWgEvV4gPvfT3rufxpa1pVZUpc0WY1qMK0eWSPAnVlLKwIZTgg9qifn869S8WeDE1JXvNPVUuwMso6P/wDXrzOSyuFnMLwusgOCCMYr36GIhWjdb9UfPV8NOhKz2NdP9Wn+6KWr+m6He6jtWGJtoABcjArrtM8F21tiS8bz5B/D/CKK2Lp0t3d9kTRwdWt8Ksu7OPsNIvNScC2hZlP8R4A/Gut0zwVBDiS+bzXH8I6D/GumjhSFAsaKqjoAMVJXk1sfUqaR0R7FDLadPWWrGxxrGgRFCqowAO1OoorhPR2CiiigAooooAKKKKACiiigAooooAKKKKACiiigAooooAKKKKACiiigAooooAKKKKACiiigAooooAKKKKACiiigAooooAKKKKACiiigAooooAKKKKACiiigAooooAKKKKACiiigAooooAKry2NtcNulgjdvUrmrFFNNrYTSe6GxxpGoVFCqOgAxTqKKQwooooAKKKKACiiigAooooAKKKKACiiigAooooAKKKKACiiigAooooAKKKKACiiigAoorCvfE0Vh4hg0yaF1E4BSXPBJ7U4xcnoTKSirs3aKKKRQUVDd3EdpbSTzHEcaliazvD+vLr+ntdrA8MYYqNxyTimotrm6EuaT5epr0Vh6F4ptteurm3gikjeA4O7v2rcolFxdmEZKSvFhRRRSKCiiigAooooAKKKKACiis/XLmSz0S7uITiSOMsp96aV3YTdk2aFFZHhe+m1Lw/a3Ny26WRMscVr0STi2hRkpJNBSUtUNW1e00a1M95KEXsO7H0FJJt2QSkoq7ZforjF8cXtz89nolw8PZmGM1c0nxfJfailjdaZc28r9GI+WtXQmldoyWIptpJnT0UU1XV87WBwcHB6VkbjqKKKACiiigAooooAKKK5rxPq91p+p6VDbPtSebbIMZyKqMXJ2RE5qCuzpRRUN1cLa2zzyZKxqWOBzWZ4e8RweIreSW3jkj8ttpD0lFtc1tEDmk1E2aKKKRYUUUUAFFFFABRRWPrXibT9EAFzLulP3Yk5Y/hTjFydkiZSUVds2M0ma40eOL+5y9podw0WcAuME0q+PZYJljv8ASLqEMcBgMgVr9XqdjL6zT7nZUUiOGRWHQjIpaxNwooooAKKKKACiiub8batdaRpME1nJska4RCcZyD1qoxcpcqJnNQjzM6SimxklFJ6kZp1SUFFFFABRRRQAlcd8RLJm0231KEfvrOQOCB2zXZVW1C0W+sJ7d8YkQrz71dOfJNSM60OeDiRaPfLqWk21yjBvMQEkevf9au4ri/h7dtDHeaROT5lrIdgP93/9ddpTqw5ZtCoz54Js5L4gag0WlxadAczXrhCo67f/ANddBo2nLpWk29ouP3aAEjua5KD/AIqP4hPKTuttOXC8cE+n55ruj0NXV92Ch8zOl705VPkita2lpbvI1rDEjMcuUAGT74qya4/wM7Ne6zuZji5OMmjxnqVzJf2OjWcxgN22JJB1A9qTpN1OS41WSp89jqG1C0jYq1xEGHBBYVOrrIoZCGB6EGuYi+H2krbbJPOkkI5lZzuNaWg6EugwSQR3Ek0bNuXzDkipkoJe69SoSqN+8rI1fMTfs3Dd6Zp1cRI7f8LRiXc23yjxnjpXbUqkOS3mh06nPfyYhYKpLEADuaUMCAQcg9xWH40JXwpfEEghOoOO9WPDRJ8O2JJJJiXknPajk9znH7T3+TyNTNV21C0RirXMQYHoWFYPiDRdT1vVI4UvGttNEYMmw/MzZPA/DFNTwBpAgKMJncj/AFhkOaqMIJXk9SHOo3aMdDpwwYAggg9xWZ4l/wCRbv8A/ria5rQXuvDnittCmmea1nUvAznJH+cV0vib/kW7/wD64tT9nyVFre9hKpz03darcreCv+RTsf8AcrerB8Ff8inY/wC5W9UVfjZdH+HH0CuDvoV1z4j/AGO8w1vaRhljJ4Y4z/Wu7zXE+K9LvtO1iLxBpSeY8fE0YHJFaYdrmavq1oZ4lNxWmiep2qIEUKoAUcAAUFFJBIBI6HFYmg+K7HXIwqOIrgD54nOCP8a3aylGUXZm0JRkrxGPKicM4Unpk1x/w/uQ0GqNNMCTeNgsa19b8L2uuzxyzzToyDAEbYzXGeEvCdprEN8081whhuDGux8ZA9feuimoOlK77HNVlNVY2Xc9NSRJASrBgO4NCurglWDAehrJ0vQ4ND0+eK3kldWBOZGyelZXw8Zn0i5LMzH7S/U1jyLlck9EbKo+ZRa1Z1tMLqGClgGPQZp1cfrrsPHmjKGYKVOQD160qcOd2KqVORJ+Z2NNd1QFmYKB1JPSorq5js7SS4mOEjUsxrhrKyvfHM73t7PLb6arERRRnBb3zThT5k23ZImpV5WopXbO2jv7WRgqXMTMegDCuW8a/wDIa0L/AK+KtT+ANKkh2w+dDIBxIkhzXJ3n9o2fiLTNM1J/O8icNDMerIeK6KEIuV4vZPc56858tpK12j1NlDKQwBUjkGoLO2tbaMrZxxRoTkiMADP4VNL/AKp/901yfw3dm0CcszMftL8k59K5lFuDl2OlzSmo23Ou7VDLdwQECaVEJ6Bmxmud8WeIbixeHTdLXdqF1wp/uD1qvYeArcoJdWuJrq5bl8uQoPtVKmlFSm7XJdVuXJBXOrhuoLjPkypJj+6c1LXG6j4ESAG50O5mtrpPmVd5KmtHwl4gk1i0lgvF2X1qdky+voaJU1y80XdII1Xzcs1ZnRUUUVkbmH4r10aFpLSpzcSnZEvq1ZvhnwoiINT1dftGoTfOfM52Z/rVPxCBqfj/AEuxfmGJdzL79f8ACu6AxXRJunTSW71ZyxXtajb2WiEwBximyRpKhSRVZT1BFPornOoQAAADoKRmCjJIA9TSTSrBC8shwqKWJ9hXBxC/8d3sj+fJa6RE21Qhw0laQp8123ZIyqVeSySu2dr/AGjZ7sfaoc9PvirAIZcggg965r/hAdH8kp5cu8j7/mHNY8qX3gO+hcXD3OkTNtYOctGar2cJaQepm6s4azWh31DEKMk4A7mmCZDCJtw2Fd2fauGkkvvHOqywQTPa6TbPtZkODIamFPmvfRI0qVeW1tWzs/7RtNwX7TFknGNwrmfiRzoVsR/z9J/Wpz4A0drfy9swb/noJDmuR8VWt/okcOlzTNcWTzLLDI/LLjjH61vRhBzXI9fM5685qDUlp5Hqkf8Aqk+gpzEDk9KZG22FSeAFFcTPPe+NNYmtLWd7fSrY7ZHTgyNWEIc7d3ZI3nU5Uklds7D+0LTdt+0xbs4xuFWM55HSuYb4f6SYPLHnB8f60SHOaz9Eubvw14jGiXszz2k4zbO5yR7VTpwknyPVE+1nFpTVkzuaKKKxOgKKKKAOD1b/AIp/x/bX2dtvfDbIR27fqcV1HiHU10rQ7m7JwVTCH/aPSs3x5ppvvDzzRj97akSrgcnFc5qGpN4oh0TS42LvLiS6A7Y6/lzXZGPtFGXbf5HDKfsnKHfb5nQeAtNa00L7TMD592xlfI/Kup7UyKJYYUiThUUKPwp/Y1zTk5ycjqpw5IKJxvgX/j91r/r5NT+MdBur022o6bg3lo24J/eH+NQ+Bf8Aj91r/r5NdjWtWbhVujGlBTo8rOT0rx3aTSC11SN7G7BwyuMLn611SssiBlIZTyCDWdrGhWWs27R3UCsxHyvjlT9a5zwBPcQz6lpU8hkS0k2oxOcdaTjCcXKOjXQcZzhNQlqnsxkn/JVIv+uR/lXc1w2oFbP4nWUkxws8RAYnvyK7gUV9ovyDD7yXmYfjX/kU77/c/rVjwz/yLlh/1xX+VZfxCvo7XwxPEWAknwqj15zWn4a48NWJ9IR/Kiz9ivULr279BNZ8SafoaqLuUmRvuxINzH8Kxv8AhMtRuf8AkH6BdTKTwzfKKp+EII9W8Q6nqF4olnSTagb+AewrugoUcAAe1ElCm+Vq7FFzqrmvZHms17qN1450yTUbUWsmMKobPFdv4m/5Fu//AOuJrkdZv4rv4j2McLBhAAjEf3q67xL/AMi3f/8AXE1rV3hpYzo/DUV7+ZW8Ff8AIp2P+5W9WD4K/wCRTsf9yt6uar8bOmj/AA4+gUUUVBqctrvgi01Jjc2RNneA5Dx8An/H3qjoHiLULDVl0TX1/eniGb+9/j9a7bFcL45VH1/R0jANxvzgddua6aU3U9yWq6eRx1oey/eQ0127ndHpXHfDr/j31X/r8aux/hrjfh0R5Gqjv9sbioh/Dn8jWf8AEh8zrrj/AI9pf901y3w6/wCQPc/9fL11Uql4nUdSpFch8OZgLS/tWIEkVyxK98UQ/hS+Qp/xY/M7LuK43xB/yUDRf91v612ZrhNXvY7n4kaZDGwYwKQ2Ox5p0E+Z+jDEtKKXmjT+IVw0HhaQKSPMkWM47g1saHbJaaNaQx/dWMY4rL8d2TXvhefYuTERLj6Vd8MahHqWg2syMC2wK4B6EdqH/BXqJfx3ftoa9cV40jUa/ocmPnM+3PtXa1wHi3UY7jxfpVnGwYwSBmIPQk9KMMm56dmGKaUNe6O8l/1L/wC6f5Vyfw1/5F+f/r5f+ldZL/qH/wB0/wAq5P4a/wDIvz/9fL/0pR/hS9UOX8WPoyvp8Yu/ibfySAEQRAID2PH/ANeu2rh5JRonxIaWc7YL+MKrHgA8f1FdxRX+y/IWH+0utwrirBDZ/Ey7jjOEnh8xx6mu0ZlVSzEBQMkmuJ8NudY8a6jqacwQjyo2/vU6OkZN7WHX+KKW9zuKKKKwOg4XUP3HxQsWfgSRnafwrua4/wAfaZM0Nvq1mpM9k2Wx12d63dA1y313TkuIHG7HzpnlT6V0VfehGS6aHLSfJUlB9dUalFFFc51GB42na38J3zoSG2gZHuQKm8KWqWnhqySMABow5x6nmneKbFtS8O3lsn3mTI/Dn+lU/BGppqHh2BMgS248p17jFb/8udO5zuyr69tDo6wfGdslx4Uvt4B8tN657EVumuZ8e6ktp4ektwQZbo+UqjqQetRRTc1buXXaVN3Iba7lT4axz7iZDanJP4irfga2W28LWoXq4Lk/WkXSZI/Ai6ef9YltjA9etQ+AL4XPh2OBm/fW7FJFPUc1rPWErdzCF1UjfsdTXHfElAdFtWwNwuUwfzrsa4T4l38Ygs7EEGVpVkwD0A4/rUYdN1FY0xLSpO51WsTG38P3Ui/eWA4/KuE8KeIrrS9GWODR7i53sWaVOjH8q7/ULf7Xo08AGTJCVA98Vzvw8u0bRpLCTAmtJCrKevWrg0qcrq+pnUTdWNnbQZ/wm+of9C9d1j6rqOo63q2nTro9zbvBIMswzx3r0nA9BScDHTNKNaEXdRKlQnJWlLQcvQUUUVznUFFFFAEcsSyxPGwyrKVINcl4U8HS6HrF1dXBRl+7AQckA9c12OKSrjUlFOK2ZnOlGUlJ7oWg9KKKg0Od8MaHdaRc6jJcmPbcTF02HPHvTPEVprv22K70WZcIuHic8N+HrXSDPtRjitPaPm5mZeyXJyp2ONe88YXcPkJZW8Dtx5pbgfhWv4Z8PjQrNxJIZbqc75pD3NbeTRRKq5KyVhQpJPmbbMDxT4c/t21jMMnlXcJ3RP7+lZdveeL7WEwS2MFw6jAlDY//AF12dFONVpcrV0KVFOXMnbucNc+E9U1myubjVpY5L5l2wRg4jj/+vXV6NZyWGkW1tNjzIowrYPGRV+ilKrKSs9ioUYwfMtzitR8O6ppetyap4fdCJuZYHOAfpUskvi3U18gW8FijDDylsnHt7115oqvbu2qTa6kewV3ZtI4lPBM1lren3No6vHCMzSSN8zt611GtWkl/o91bQ7fMljKru6VfFFTKrKTTfQuFGME0upleG9Pm0vQba0uNvmxrhtp4rVooqJNyd2aRSirIOcVyOp6b4lttUnu9Iuo5IZSCYZT0+lddSY9qcJuDva5FSHOrXscY1/4ykXYljbozcbz2qzoPha4i1E6rrU/2i+/hUfdT6V1VLVus7NRSVyFQV05NuwnX6VxEmja34f1m6udFSOa1uW3GJm6Gu3FFTTqOF9L3KqU1O3Roy9D/ALWNs7ayYfNY/KsXQCsLVfDepWGsvqvh10WSQfvYX+61dlSHmmqri20vkEqSlFJvbqcg934uvUEEdlBasRzKzZA/D1qK28GXFnrmn3kcqzeXlrmVz8zsfT2rtOtFV7drSKsR9Xi2nJt2GyIsilHUMpGCDXFN4c1jw7fy3Hh6VZbaU5a3k7fT/Gu3IoqIVHDRbMupSU9dmjkJLrxdfAQxWlvZ5+9KzZx+HrVZvAs8Nzp88EqzTJN5tzNKcF/pXcClq1WcfhViPq8ZfE2xjruR1HUjFYXg7RrnQ9Klt7zZ5jTs42HIwcY/lXQUVmptJx7mvInJS7GT4g8P2+v2XkTEo6nMcg6qawLYeLdHxB5cOoQrwjFsNj3Ndp2oqo1XFcrV0ROkpPmTsziri18U6/8A6PcGLT7Q/fKHLEV02jaRb6LYJa2q4UdT3Y+tX+lFE6jkrWshwpKL5m7sWiiiszUYyh1KsAQeCD3rjdQ8GXNnfNfeHLn7NIxy0JPyn/63tXaZoGauE5Q2M6lKNRanGJf+MoRsksreVh1YdDSiHxhqbhZ5beyt8/Ns+9iuzpOfWr9t/dRn7DvJjFQBFDHOBjPrXJ6l4VvrLU31Pw5cLDLIcyQv9xq6/nHalqI1HHY0nTU1r0OP/tPxb5Oz+y4PM6b939KXS/C15c6oup+IJ1nuI/8AVxJ9xK66lqnWdnypIhUFdczbG1x2p+F9QsNUfU/DkyxySHMsLn5Wrsse1FTCo4bFzpqa1OQN/wCLp0EUen28LnrKzZA/CqOoeBb27sRLJOk+pyTK8kjnAVR2Fd7ilq1XcXeKsZvDqStJtjVGIwD1AxXJa14Vu49T/tXQJlgu2/1kbH5Hrr6KiM3F3RpOmpqzOPGpeLvJEf8AZsHm9PM3cflVrRtG1c6iL/Wr4O6jCwRcIPf6101J+FU6ujskiY0dU22xaKKKyNhaKKKACiiigAooooAKKKKACiiigAooooAKKKKACiiigAooooAKKKKACiiigAooooAKKKKACiiigAooooAKKKKACiiigAooooAKKKKACiiigAooooAKKKKACiiigAooooAKKKKACiiigAooooAKKKKACiiigAooooA//9k=\">df</p>', '', '', '', '', 'A', 'essay', 1),
(442, 1, 10005, 1, 8990, '<p>tes 123</p>', '', '', '', '', 'A', 'essay', 1);

-- --------------------------------------------------------

--
-- Struktur dari tabel `staff`
--

CREATE TABLE `staff` (
  `id` int(11) NOT NULL,
  `user_id` int(11) DEFAULT NULL,
  `nama_staff` varchar(100) DEFAULT NULL,
  `bagian` varchar(100) DEFAULT NULL
) ENGINE=InnoDB DEFAULT CHARSET=utf8mb4 COLLATE=utf8mb4_general_ci;

--
-- Dumping data untuk tabel `staff`
--

INSERT INTO `staff` (`id`, `user_id`, `nama_staff`, `bagian`) VALUES
(6, 901042931, 'patrick', 'asisten');

-- --------------------------------------------------------

--
-- Struktur dari tabel `ujian`
--

CREATE TABLE `ujian` (
  `id_ujian` int(11) NOT NULL,
  `id_guru` int(11) NOT NULL,
  `id_jurusan` int(11) NOT NULL,
  `id_kelas` int(11) NOT NULL,
  `id_pelajaran` int(11) NOT NULL,
  `nama_ujian` varchar(100) NOT NULL,
  `waktu_mulai` datetime NOT NULL,
  `waktu_selesai` datetime NOT NULL
) ENGINE=InnoDB DEFAULT CHARSET=utf8mb4 COLLATE=utf8mb4_general_ci;

--
-- Dumping data untuk tabel `ujian`
--

INSERT INTO `ujian` (`id_ujian`, `id_guru`, `id_jurusan`, `id_kelas`, `id_pelajaran`, `nama_ujian`, `waktu_mulai`, `waktu_selesai`) VALUES
(1, 10005, 1, 1, 8990, 'ujian jaringan30', '2025-04-30 18:18:53', '2025-06-10 18:18:53');

-- --------------------------------------------------------

--
-- Struktur dari tabel `users`
--

CREATE TABLE `users` (
  `id` int(11) NOT NULL,
  `nama` varchar(100) DEFAULT NULL,
  `username` varchar(50) NOT NULL,
  `password` varchar(255) NOT NULL,
  `role` enum('admin','guru','siswa','semua guru','staff','kepala sekolah') NOT NULL
) ENGINE=InnoDB DEFAULT CHARSET=utf8mb4 COLLATE=utf8mb4_general_ci;

--
-- Dumping data untuk tabel `users`
--

INSERT INTO `users` (`id`, `nama`, `username`, `password`, `role`) VALUES
(1, 'admin1', 'admin1', 'candra_343', 'admin'),
(900937, NULL, 'xio', 'xio', 'guru'),
(901042930, 'verdonk', 'verdonk', 'verdonk', 'kepala sekolah'),
(901042931, 'patrick', 'patrick', 'patrick', 'staff');

--
-- Indexes for dumped tables
--

--
-- Indeks untuk tabel `guru`
--
ALTER TABLE `guru`
  ADD PRIMARY KEY (`id`),
  ADD KEY `id_kelas` (`id_kelas`),
  ADD KEY `id_pelajaran` (`id_pelajaran`),
  ADD KEY `user_id` (`user_id`);

--
-- Indeks untuk tabel `hasil_ujian`
--
ALTER TABLE `hasil_ujian`
  ADD PRIMARY KEY (`id_hasil`);

--
-- Indeks untuk tabel `jawaban`
--
ALTER TABLE `jawaban`
  ADD PRIMARY KEY (`id_jawaban`);

--
-- Indeks untuk tabel `jawaban_siswa`
--
ALTER TABLE `jawaban_siswa`
  ADD PRIMARY KEY (`id`);

--
-- Indeks untuk tabel `jurusan`
--
ALTER TABLE `jurusan`
  ADD PRIMARY KEY (`id_jurusan`);

--
-- Indeks untuk tabel `kelas`
--
ALTER TABLE `kelas`
  ADD PRIMARY KEY (`id`),
  ADD UNIQUE KEY `nama_kelas` (`nama_kelas`);

--
-- Indeks untuk tabel `kepala_sekolah`
--
ALTER TABLE `kepala_sekolah`
  ADD PRIMARY KEY (`id`),
  ADD KEY `user_id` (`user_id`);

--
-- Indeks untuk tabel `mata_pelajaran`
--
ALTER TABLE `mata_pelajaran`
  ADD PRIMARY KEY (`id`),
  ADD UNIQUE KEY `nama_pelajaran` (`nama_pelajaran`);

--
-- Indeks untuk tabel `pelajaran`
--
ALTER TABLE `pelajaran`
  ADD PRIMARY KEY (`id`),
  ADD UNIQUE KEY `nama_pelajaran` (`nama_pelajaran`);

--
-- Indeks untuk tabel `siswa`
--
ALTER TABLE `siswa`
  ADD PRIMARY KEY (`id`),
  ADD KEY `user_id` (`user_id`),
  ADD KEY `id_kelas` (`id_kelas`),
  ADD KEY `id_jurusan` (`id_jurusan`);

--
-- Indeks untuk tabel `soal`
--
ALTER TABLE `soal`
  ADD PRIMARY KEY (`id_soal`),
  ADD KEY `id_kelas` (`id_kelas`),
  ADD KEY `id_ujian` (`id_ujian`),
  ADD KEY `id_pelajaran` (`id_pelajaran`);

--
-- Indeks untuk tabel `staff`
--
ALTER TABLE `staff`
  ADD PRIMARY KEY (`id`),
  ADD KEY `staff_ibfk_1` (`user_id`);

--
-- Indeks untuk tabel `ujian`
--
ALTER TABLE `ujian`
  ADD PRIMARY KEY (`id_ujian`),
  ADD KEY `id_guru` (`id_guru`),
  ADD KEY `id_kelas` (`id_kelas`),
  ADD KEY `id_pelajaran` (`id_pelajaran`),
  ADD KEY `id_jurusan` (`id_jurusan`);

--
-- Indeks untuk tabel `users`
--
ALTER TABLE `users`
  ADD PRIMARY KEY (`id`),
  ADD UNIQUE KEY `username` (`username`);

--
-- AUTO_INCREMENT untuk tabel yang dibuang
--

--
-- AUTO_INCREMENT untuk tabel `guru`
--
ALTER TABLE `guru`
  MODIFY `id` int(11) NOT NULL AUTO_INCREMENT, AUTO_INCREMENT=10052;

--
-- AUTO_INCREMENT untuk tabel `hasil_ujian`
--
ALTER TABLE `hasil_ujian`
  MODIFY `id_hasil` int(11) NOT NULL AUTO_INCREMENT, AUTO_INCREMENT=78;

--
-- AUTO_INCREMENT untuk tabel `jawaban`
--
ALTER TABLE `jawaban`
  MODIFY `id_jawaban` int(11) NOT NULL AUTO_INCREMENT, AUTO_INCREMENT=3500;

--
-- AUTO_INCREMENT untuk tabel `jawaban_siswa`
--
ALTER TABLE `jawaban_siswa`
  MODIFY `id` int(11) NOT NULL AUTO_INCREMENT;

--
-- AUTO_INCREMENT untuk tabel `jurusan`
--
ALTER TABLE `jurusan`
  MODIFY `id_jurusan` int(11) NOT NULL AUTO_INCREMENT, AUTO_INCREMENT=4;

--
-- AUTO_INCREMENT untuk tabel `kelas`
--
ALTER TABLE `kelas`
  MODIFY `id` int(11) NOT NULL AUTO_INCREMENT, AUTO_INCREMENT=986;

--
-- AUTO_INCREMENT untuk tabel `kepala_sekolah`
--
ALTER TABLE `kepala_sekolah`
  MODIFY `id` int(11) NOT NULL AUTO_INCREMENT, AUTO_INCREMENT=21;

--
-- AUTO_INCREMENT untuk tabel `mata_pelajaran`
--
ALTER TABLE `mata_pelajaran`
  MODIFY `id` int(11) NOT NULL AUTO_INCREMENT, AUTO_INCREMENT=8996;

--
-- AUTO_INCREMENT untuk tabel `pelajaran`
--
ALTER TABLE `pelajaran`
  MODIFY `id` int(11) NOT NULL AUTO_INCREMENT, AUTO_INCREMENT=4;

--
-- AUTO_INCREMENT untuk tabel `siswa`
--
ALTER TABLE `siswa`
  MODIFY `id` int(11) NOT NULL AUTO_INCREMENT, AUTO_INCREMENT=55;

--
-- AUTO_INCREMENT untuk tabel `soal`
--
ALTER TABLE `soal`
  MODIFY `id_soal` int(11) NOT NULL AUTO_INCREMENT, AUTO_INCREMENT=443;

--
-- AUTO_INCREMENT untuk tabel `staff`
--
ALTER TABLE `staff`
  MODIFY `id` int(11) NOT NULL AUTO_INCREMENT, AUTO_INCREMENT=8;

--
-- AUTO_INCREMENT untuk tabel `ujian`
--
ALTER TABLE `ujian`
  MODIFY `id_ujian` int(11) NOT NULL AUTO_INCREMENT, AUTO_INCREMENT=1000000;

--
-- AUTO_INCREMENT untuk tabel `users`
--
ALTER TABLE `users`
  MODIFY `id` int(11) NOT NULL AUTO_INCREMENT, AUTO_INCREMENT=2147483648;

--
-- Ketidakleluasaan untuk tabel pelimpahan (Dumped Tables)
--

--
-- Ketidakleluasaan untuk tabel `guru`
--
ALTER TABLE `guru`
  ADD CONSTRAINT `guru_ibfk_2` FOREIGN KEY (`id_kelas`) REFERENCES `kelas` (`id`) ON DELETE CASCADE ON UPDATE CASCADE,
  ADD CONSTRAINT `guru_ibfk_3` FOREIGN KEY (`id_pelajaran`) REFERENCES `mata_pelajaran` (`id`) ON DELETE CASCADE ON UPDATE CASCADE,
  ADD CONSTRAINT `guru_ibfk_4` FOREIGN KEY (`user_id`) REFERENCES `users` (`id`) ON DELETE CASCADE ON UPDATE CASCADE;

--
-- Ketidakleluasaan untuk tabel `siswa`
--
ALTER TABLE `siswa`
  ADD CONSTRAINT `siswa_ibfk_1` FOREIGN KEY (`user_id`) REFERENCES `users` (`id`) ON DELETE CASCADE ON UPDATE CASCADE,
  ADD CONSTRAINT `siswa_ibfk_2` FOREIGN KEY (`id_kelas`) REFERENCES `kelas` (`id`) ON DELETE CASCADE,
  ADD CONSTRAINT `siswa_ibfk_3` FOREIGN KEY (`id_jurusan`) REFERENCES `jurusan` (`id_jurusan`) ON DELETE CASCADE ON UPDATE CASCADE;

--
-- Ketidakleluasaan untuk tabel `soal`
--
ALTER TABLE `soal`
  ADD CONSTRAINT `soal_ibfk_2` FOREIGN KEY (`id_kelas`) REFERENCES `kelas` (`id`) ON DELETE CASCADE ON UPDATE CASCADE,
  ADD CONSTRAINT `soal_ibfk_4` FOREIGN KEY (`id_ujian`) REFERENCES `ujian` (`id_ujian`) ON DELETE CASCADE,
  ADD CONSTRAINT `soal_ibfk_5` FOREIGN KEY (`id_pelajaran`) REFERENCES `mata_pelajaran` (`id`) ON DELETE CASCADE ON UPDATE CASCADE;

--
-- Ketidakleluasaan untuk tabel `staff`
--
ALTER TABLE `staff`
  ADD CONSTRAINT `staff_ibfk_1` FOREIGN KEY (`user_id`) REFERENCES `users` (`id`) ON DELETE CASCADE ON UPDATE CASCADE;

--
-- Ketidakleluasaan untuk tabel `ujian`
--
ALTER TABLE `ujian`
  ADD CONSTRAINT `ujian_ibfk_1` FOREIGN KEY (`id_guru`) REFERENCES `guru` (`id`) ON DELETE CASCADE ON UPDATE CASCADE,
  ADD CONSTRAINT `ujian_ibfk_2` FOREIGN KEY (`id_kelas`) REFERENCES `kelas` (`id`) ON DELETE CASCADE ON UPDATE CASCADE,
  ADD CONSTRAINT `ujian_ibfk_3` FOREIGN KEY (`id_pelajaran`) REFERENCES `mata_pelajaran` (`id`),
  ADD CONSTRAINT `ujian_ibfk_4` FOREIGN KEY (`id_jurusan`) REFERENCES `jurusan` (`id_jurusan`) ON DELETE CASCADE;
COMMIT;

/*!40101 SET CHARACTER_SET_CLIENT=@OLD_CHARACTER_SET_CLIENT */;
/*!40101 SET CHARACTER_SET_RESULTS=@OLD_CHARACTER_SET_RESULTS */;
/*!40101 SET COLLATION_CONNECTION=@OLD_COLLATION_CONNECTION */;
